,,Product Code,Private Hospi Alex,Private Hospi Cairo,Private Hospi Del2,Private Hospi Giza,Private Hospi Upper,Key Accounts W Cairo,Key Accounts W Giza,ك.عملاء اسكندرية 1,ك.عملاء اسكندرية2,ك.عملاء مطروح واسكن3,ك.عملاء  البحيرة 1,ك.عملاء البحيرة 2,ك.عملاء شرق القاهرة1,ك.عملاء القناة,ك.عملاء وسط البلد,October K.Acc,ك.عملاء فبصل والهرم,ك.عملاء امبابة,Helwan K.Acc,ك.عملاء شرق القاهرة2,ك.ع.م.نصر وهليوبليس,ك.عملاء المنوفية, ك.عملاء الغربية 1,ك.عملاء كفر الشيخ,ك.عملاء الدقهلية 1,ك.ع.الدقهلية2 ودمياط,ك.عملاء الشرقية,ك.عملاء القليوبية, ك.عملاء الغربية 2,ك.عملاء اسيوط,ك.عملاء اسوان,ك.ع.بنى سويف والفيوم,ك.عملاء المنيا,ك.عملاء قنا,ك.عملاء سوهاج,ك.عملاء سوهاج وقنا,ك.ع.المنيا واسيوط,ك.ع.الاقصر والغردقة,Retail  Al-Falaky,Retail Al-Qabary,Retail Nasria,Retail Damanhour 2,Retail Damanhour 3,Retail Mina Al-Basal,Retail Miami,Retail Al-Qabary 2,Retail Almaza 1,Retail Nasr Al-Deen,Retail Imbaba,Retail October,Retail Al-Fayoum,Retail SUEZ,Retail Al-Matarya,Retail Almaza 2,Retail Ein Shams 1,Retail Mostorod,Retail Road Al-Farag,Retail Ein Shams 2,Re Khatem Morsalin,Retail Helwan,Retail Helwan 2,Retail Damanhour,Retail Tanta,Retail Al-Mahala 2,Retail Kafr Al-Zayat,Retail Mansora,Retail Mansora 2,Retail Dekernes,Retail Domiat,Retail Shebin,Retail Al-Zagazik,Retail Fakous,Retail Banha 1,Retail Banha 2,Retail Berka Sabe,Retail Al-Mahala,Retail Tanta 2,RETAIL Monof,Retail Kafr AlZayat2,Retail Al-Zagazik 2,Retail Port-Said,Retail Bani Sueaf,Retail Al-Menia 2,Retail Mallawi,Retail Assuit 3,Retail Assuit 2,Retail El- Kwamel,Retail Sohag,Retail Qena,Retail EL-Balina,Retail Luxor,Retail Aswan,Retail Al-Menia,Retail Hurghada,Retail Ngaa Hammadi,Super KA Alex,Super KA Cairo,Super KA Delta,Super KA Giza,Super KA Canal,Key Acc. W Shebien,Key Acc. W Bani Suwa,Key Acc. W Qabary,Key Acc. W Kafr Elza,Key Acc. W Zakazik,Key Acc. W Menya,Key Acc. W Assiut,Key Acc. W Sohag,Key Acc. W Luxor,Super KA. W Giza,Super KA. W Delta1,Super KA. W Delta2,Super KA. W Delta3,Total,Total Bonus
ايه يو جى,ابيوبروسول جيل 100 جرام,33273,,,,,,,,,,,6,4,,,,,,,,,,,1,,,2,,,,2,,1,,3,,,3,189,,,2,2,,,,,,,,3,,,,,,,,,,2,,5,,2,,,,2,,,,,,,,5,,,1,,,,,3,,,1,,,,,,1,5,,,,,,,,,,,,,,,,,,,,245,0
,,,,,,,,,,,,,265.50,177.00,,,,,,,,,,,44.25,,,88.50,,,,88.50,,44.25,,132.75,,,132.75,"8,363.25",,,88.50,88.50,,,,,,,,132.75,,,,,,,,,,88.50,,221.25,,88.50,,,,88.50,,,,,,,,221.25,,,44.25,,,,,132.75,,,44.25,,,,,,44.25,221.25,,,,,,,,,,,,,,,,,,,,"10,841.25",
,ازموراب 10 مجم 7 اكياس,34782,,,30,,,,,,3,8,6,54,3,4,3,3,,13,,-5,1,10,,,10,442,13,2,10,22,151,1,3,10,10,95,1,8,,,1,28,3,,,,,,1,2,8,11,,,,,,,,,,,,2,,26,3,22,4,,,22,3,1,10,,,3,2,,6,5,,,2,,1,,4,"1,204",8,7,1,3,2,60,27,377,30,5,300,,,,420,,,,,0,,,600,"4,125",71
,,,,,"1,606.50",,,,,,141.75,378.00,283.50,"2,929.50",141.75,189.00,141.75,141.75,,614.25,,-236.25,47.25,472.50,,,472.50,"20,884.50",614.25,94.50,472.50,"1,228.50","7,323.75",47.25,141.75,472.50,472.50,"5,244.75",47.25,378.00,,,47.25,"1,512.00",141.75,,,,,,47.25,94.50,378.00,519.75,,,,,,,,,,,,94.50,,"1,417.50",141.75,"1,039.50",189.00,,,"1,228.50",141.75,47.25,472.50,,,141.75,94.50,,283.50,236.25,,,94.50,,47.25,,189.00,"56,889.00",378.00,330.75,47.25,141.75,94.50,"3,071.25","1,464.75","18,285.75","1,606.50",236.25,"14,175.00",,,,"19,845.00",,,,,0.00,,,"28,350.00","198,261.00",
,ازموراب 20 مجم 2 شريط,20667,,,,-53,,10,,0,1,,-1,0,4,,,3,6,,,,,,,,,,,,3,,,,,,,,,5,,,,7,,4,0,,,,,,,,,,9,,,,7,,,,,,,,,,,,,,,,6,,,,,,,,,,,,,,,,4,,,,,2,,,3,,,0,,,,,0,20,,,,,,40,0
,,,,,,"-2,027.25",,540.00,,0.00,54.00,,-54.00,0.00,168.75,,,114.75,229.50,,,,,,,,,,,,162.00,,,,,,,,,270.00,,,,378.00,,216.00,0.00,,,,,,,,,,454.50,,,,267.75,,,,,,,,,,,,,,,,324.00,,,,,,,,,,,,,,,,216.00,,,,,108.00,,,114.75,,,0.00,,,,,0.00,"1,080.00",,,,,,"2,616.75",
,ازموراب 40 مجم 14 كبسولة,20666,2,,1,11,2,,,27,13,25,25,37,24,18,24,39,22,35,24,9,30,9,25,163,8,48,26,116,15,22,330,127,14,14,8,12,5,36,6,2,16,222,16,8,10,4,4,5,3,12,14,9,3,7,3,4,4,4,28,6,4,124,2,13,3,4,11,20,9,7,1,8,6,18,12,3,10,13,17,1,16,17,49,1,14,7,4,3,4,2,10,12,6,2,6,398,107,87,"1,163",30,,,33,,,100,,,0,,,,,"4,093",555
,,,201.00,,100.50,"1,105.50",201.00,,,"2,713.50","1,306.50","2,512.50","2,613.00","3,718.50","2,412.00","1,809.00","2,412.00","3,919.50","2,211.00","3,517.50","2,412.00",904.50,"3,015.00",904.50,"2,512.50","18,391.50",804.00,"4,824.00","2,613.00","13,065.00","1,507.50","2,211.00","37,386.00","13,768.50","1,407.00","1,407.00",804.00,"1,206.00",502.50,"3,618.00",603.00,201.00,"1,608.00","24,823.50","1,608.00",804.00,"1,005.00",402.00,402.00,502.50,301.50,"1,206.00","1,407.00",904.50,301.50,703.50,301.50,402.00,402.00,402.00,"2,814.00",603.00,402.00,"14,472.00",201.00,"1,306.50",301.50,402.00,"1,105.50","2,010.00",904.50,703.50,100.50,804.00,603.00,"1,809.00","1,206.00",301.50,"1,005.00","1,306.50","1,708.50",100.50,"1,608.00","1,708.50","5,527.50",100.50,"1,407.00",703.50,402.00,301.50,402.00,201.00,"1,005.00","1,206.00",603.00,201.00,603.00,"47,034.00","12,462.00","9,246.00","148,036.50","3,015.00",,,"3,316.50",,,"11,557.50",,,0.00,,,,,"467,124.00",
,ازموراب 40 مجم 7 كيس,33740,10,,,2,,,,,,,4,1,,1,3,2,,2,,,,2,,3,54,3,,2,,,41,6,2,5,6,25,,1,,,,,,1,,,,,2,,,,,,,,,,2,,,,,,,,,2,1,1,,1,3,1,7,1,,,,,,3,,,,,,,,3,,4,,,,,,,3,8,,,,,,,,,,,,,,218,12
,,,787.50,,,157.50,,,,,,,315.00,78.75,,78.75,236.25,157.50,,157.50,,,,157.50,,236.25,"5,040.00",236.25,,157.50,,,"3,386.25",472.50,157.50,393.75,472.50,"1,968.75",,78.75,,,,,,78.75,,,,,157.50,,,,,,,,,,157.50,,,,,,,,,157.50,78.75,78.75,,78.75,236.25,78.75,551.25,78.75,,,,,,236.25,,,,,,,,236.25,,315.00,,,,,,,236.25,630.00,,,,,,,,,,,,,,"18,112.50",
,ازيثرومايسين ايه يو جى 500 مجم 3 قرص,33885,,,,,,,,11,,2,,2,11,1,,,,1,3,,4,,1,,,1,152,13,,,,,,,,,,,,,,1,3,,,1,,2,,6,2,1,,,1,,,1,4,,,1,,3,,,25,1,,,,,7,1,3,,,,,30,,,,,,,,,,,,,,,,,,,9,2,,,,,,,,,,,,,,306,51
,,,,,,,,,,503.25,,91.50,,91.50,503.25,45.75,,,,45.75,137.25,,183.00,,45.75,,,45.75,"8,692.50",594.75,,,,,,,,,,,,,,45.75,137.25,,,45.75,,91.50,,274.50,91.50,45.75,,,45.75,,,45.75,183.00,,,45.75,,137.25,,,"1,372.50",45.75,,,,,320.25,45.75,137.25,,,,,"1,738.50",,,,,,,,,,,,,,,,,,,411.75,91.50,,,,,,,,,,,,,,"16,332.75",
,ازيثرومايسين ايه يو جى 500 مجم 6 قرص,33886,,,,,,,,3,7,123,3,2,7,2,5,11,1,2,,,2,4,,,,7,8,2,,1,13,4,1,17,3,1,1,45,2,1,7,,6,4,,,,3,,,2,82,1,,,,,,8,3,,5,,3,,5,,,,6,,,1,,5,1,0,9,,1,2,2,,,,,,10,,,3,,1,,,53,10,30,16,15,,,10,,,,,,,,,,,582,42
,,,,,,,,,,274.50,640.50,"13,084.50",274.50,183.00,640.50,183.00,457.50,"1,098.00",91.50,183.00,,,183.00,366.00,,,,640.50,732.00,183.00,,91.50,"1,189.50",366.00,91.50,"1,647.00",274.50,91.50,91.50,"4,666.50",183.00,91.50,640.50,,549.00,366.00,,,,274.50,,,183.00,"7,503.00",91.50,,,,,,732.00,274.50,,457.50,,274.50,,457.50,,,,549.00,,,91.50,,457.50,91.50,0.00,823.50,,91.50,183.00,183.00,,,,,,"1,006.50",,,274.50,,91.50,,,"5,307.00","1,006.50","3,202.50","1,464.00","1,464.00",,,"1,006.50",,,,,,,,,,,"57,096.00",
,اكنى اكت جيل 15 جرام,24871,,,,,,5,20,,,,,,23,,13,35,24,39,23,20,47,,,,,,19,29,,,,23,14,,,,,,,,,,,,,,13,8,12,8,19,,13,13,8,2,12,4,16,12,6,,,,,,,,,,28,24,15,21,,,,,,49,,7,10,,,,,,,,,,,,,,80,1,143,104,,,,,,,,,,,,,,962,0
,,,,,,,,138.75,555.00,,,,,,638.25,,360.75,971.25,666.00,"1,082.25",638.25,555.00,"1,304.25",,,,,,527.25,804.75,,,,638.25,388.50,,,,,,,,,,,,,,360.75,222.00,333.00,222.00,527.25,,360.75,360.75,222.00,55.50,333.00,111.00,444.00,333.00,166.50,,,,,,,,,,777.00,666.00,416.25,582.75,,,,,,"1,359.75",,194.25,277.50,,,,,,,,,,,,,,"2,220.00",27.75,"3,968.25","2,886.00",,,,,,,,,,,,,,"26,695.50",
,البوتيل 90 مجم لبوس مهبلى,6514,2,40,,19,,,,33,33,22,33,25,74,44,47,91,44,45,30,48,43,45,18,14,19,33,94,33,22,,,89,-10,,4,31,,,4,1,28,12,16,7,4,,15,1,5,34,56,14,15,25,32,21,3,7,29,8,5,7,11,5,1,22,4,,6,3,6,16,24,17,11,12,2,2,3,3,5,16,1,,,,6,5,,,,,,,5,158,166,146,187,77,,100,,,,,,,,,,,,"2,434",1
,,,90.00,"1,800.00",,855.00,,,,"1,485.00","1,485.00",990.00,"1,485.00","1,125.00","3,330.00","1,980.00","2,115.00","4,095.00","1,980.00","2,025.00","1,350.00","2,160.00","1,935.00","2,025.00",810.00,630.00,855.00,"1,485.00","4,230.00","1,485.00",990.00,,,"4,005.00",-450.00,,180.00,"1,395.00",,,180.00,45.00,"1,260.00",540.00,720.00,315.00,180.00,,675.00,45.00,225.00,"1,530.00","2,520.00",630.00,675.00,"1,125.00","1,440.00",945.00,135.00,315.00,"1,305.00",360.00,225.00,315.00,495.00,225.00,45.00,990.00,180.00,,270.00,135.00,270.00,720.00,"1,080.00",765.00,495.00,540.00,90.00,90.00,135.00,135.00,225.00,720.00,45.00,,,,270.00,225.00,,,,,,,225.00,"7,110.00","7,470.00","6,570.00","8,415.00","3,510.00",,"4,500.00",,,,,,,,,,,,"109,575.00",
,ايه يو جى درما بانثينول كريم 30 جرام,37853,,,,,,,,,,,,,,,,,,,,,,,,,,,,,,,,,,,,,,,,,,,,,,,,,,,,,,,,,,,,,,,,,,,,,,,,,,,,,,,,,,,,1,,,,,,,,,,,,,,,,,,,,,,,,,,,,,,1,0
,,,,,,,,,,,,,,,,,,,,,,,,,,,,,,,,,,,,,,,,,,,,,,,,,,,,,,,,,,,,,,,,,,,,,,,,,,,,,,,,,,,,,,63.16,,,,,,,,,,,,,,,,,,,,,,,,,,,,,,63.16,
,ايه يو جى درما بروكير كريم 15 جرام,36045,,,,,,,,,,,,,,,,,,,,,,,,,,,,,,,,2,,,,19,34,,,,,,,,,,,,,,,,,,,,,,,,,,,,,,,,,,,,,,,,,,,,,2,,,,,,,,,,,,,,,,,,,,,,,,,,,,,,,,57,17
,,,,,,,,,,,,,,,,,,,,,,,,,,,,,,,,,,140.35,,,,"1,684.20","3,228.05",,,,,,,,,,,,,,,,,,,,,,,,,,,,,,,,,,,,,,,,,,,,,140.35,,,,,,,,,,,,,,,,,,,,,,,,,,,,,,,,"5,192.95",
,ايه يو جى درما فازلين كريم 100 جرام,28775,,,,,,,,,,,,,,,,,,,,,,,,,,,,,,,,,,,,,,,,,,,,,,,,,,,,,,,,,,,,,,,,,,,1,,,,,,,,,,,,,,,,,,,,,,,,,,,,,,,,,,,,,,,,,,,,,,,1,0
,,,,,,,,,,,,,,,,,,,,,,,,,,,,,,,,,,,,,,,,,,,,,,,,,,,,,,,,,,,,,,,,,,,,,49.12,,,,,,,,,,,,,,,,,,,,,,,,,,,,,,,,,,,,,,,,,,,,,,,49.12,
,ايه يو جى درما فازلين كريم 30 جرام,42360,,,,,,,,,,5,,,,,,,,,,,,,,,,,,,,,,,,,,,,,,,13,,,,,,,,,,,,,,,,,,,,,,,,,,,,,,,,,,,,,,,,,,,,,,,,,,,,,,,,,,,,,,,,,,,,,,,,,18,4
,,,,,,,,,,,,210.53,,,,,,,,,,,,,,,,,,,,,,,,,,,,,,,715.79,,,,,,,,,,,,,,,,,,,,,,,,,,,,,,,,,,,,,,,,,,,,,,,,,,,,,,,,,,,,,,,,,,,,,,,,,926.31,
,بروتولانز 60 مجم 14 كبسولة,33383,,,,7,8,,,3,6,12,45,14,22,59,14,21,12,22,10,20,40,9,4,5,44,49,19,3,20,3,58,14,16,14,35,19,11,10,1,1,3,5,14,4,3,2,11,1,2,6,2,3,2,4,6,0,,3,10,1,6,21,7,15,1,8,1,15,37,165,6,5,2,3,11,2,4,3,9,6,15,,6,4,2,1,8,4,11,3,2,6,1,3,,135,44,116,"1,422",120,,,,,,,,,,,,,,"2,962",422
,,,,,,708.75,810.00,,,303.75,607.50,"1,215.00","4,556.25","1,417.50","2,227.50","6,075.00","1,417.50","2,126.25","1,215.00","2,227.50","1,012.50","2,025.00","4,151.25",911.25,405.00,506.25,"4,657.50","4,961.25","1,923.75",303.75,"2,025.00",303.75,"5,973.75","1,417.50","1,620.00","1,417.50","3,543.75","1,923.75","1,113.75","1,012.50",101.25,101.25,303.75,506.25,"1,417.50",405.00,303.75,202.50,"1,113.75",101.25,202.50,607.50,202.50,303.75,202.50,405.00,607.50,0.00,,303.75,"1,012.50",101.25,607.50,"2,126.25",708.75,"1,518.75",101.25,810.00,101.25,"1,518.75","3,746.25","17,516.25",607.50,506.25,202.50,303.75,"1,113.75",202.50,405.00,303.75,911.25,607.50,"1,518.75",,607.50,405.00,202.50,101.25,810.00,405.00,"1,113.75",303.75,202.50,607.50,101.25,303.75,,"14,782.50","4,455.00","12,150.00","183,667.50","12,352.50",,,,,,,,,,,,,,"342,630.00",
,جاردوفاز 5 مجم 30 قرص,30972,1,7,,3,,,,2,2,,,2,8,,18,6,15,5,1,4,5,2,1,,,0,12,2,4,,2,1,1,6,1,3,2,,1,,1,4,1,,,1,,,,,,,1,3,3,,,,3,1,1,,1,,1,,4,3,,,2,2,,-1,,2,1,,,4,,1,,1,,,1,4,,1,,1,,,,81,9,7,10,1,,,,,,,,,,,,,,272,14
,,,"1,352.25","10,818.00",,"4,056.75",,,,"2,704.50","2,704.50",,,"2,704.50","10,818.00",,"24,340.50","8,113.50","20,283.75","6,761.25","1,352.25","5,409.00","6,761.25","2,704.50","1,352.25",,,0.00,"16,227.00","2,704.50","5,409.00",,"2,704.50","1,352.25","1,352.25","8,113.50","1,352.25","4,056.75","2,704.50",,"1,352.25",,"1,352.25","5,409.00","1,352.25",,,"1,352.25",,,,,,,"1,352.25","4,056.75","4,056.75",,,,"4,056.75","1,352.25","1,352.25",,"1,352.25",,"1,352.25",,"5,409.00","4,056.75",,,"2,704.50","2,704.50",,"-1,352.25",,"2,704.50","1,352.25",,,"5,409.00",,"1,352.25",,"1,352.25",,,"1,352.25","5,409.00",,"1,352.25",,"1,352.25",,,,"127,111.50","12,170.25","9,465.75","13,522.50","1,352.25",,,,,,,,,,,,,,"386,743.50",
,جستيكول 10 مجم 14 قرص,20788,21,220,20,7,,10,100,40,29,34,18,24,34,16,24,35,19,36,29,38,54,10,13,7,29,35,15,7,19,7,24,32,22,2,17,9,9,15,4,7,12,8,6,10,5,1,1,2,5,4,2,,11,12,10,6,16,8,14,6,5,29,8,7,2,2,4,24,5,8,19,6,3,9,5,4,5,1,16,,4,26,1,9,,,1,,,2,7,3,,2,3,382,110,177,516,44,300,,"2,238",750,600,,,,,800,400,900,,"8,667","1,878"
,,,"1,102.50","13,650.00","1,050.00",367.50,,525.00,"6,562.50","2,100.00","1,522.50","1,785.00",945.00,"1,260.00","1,785.00",840.00,"1,260.00","1,837.50",997.50,"1,890.00","1,522.50","1,995.00","2,835.00",525.00,682.50,367.50,"1,522.50","1,837.50",787.50,367.50,997.50,367.50,"1,260.00","1,680.00","1,155.00",105.00,892.50,472.50,472.50,787.50,210.00,367.50,630.00,420.00,315.00,525.00,262.50,52.50,52.50,105.00,262.50,210.00,105.00,,577.50,630.00,525.00,315.00,840.00,420.00,735.00,315.00,262.50,"1,522.50",420.00,367.50,105.00,105.00,210.00,"1,260.00",262.50,420.00,997.50,315.00,157.50,472.50,262.50,210.00,262.50,52.50,840.00,,210.00,"1,365.00",52.50,472.50,,,52.50,,,105.00,367.50,157.50,,105.00,157.50,"23,940.00","6,300.00","9,922.50","31,710.00","2,310.00","20,002.50",,"150,727.50","49,455.00","41,475.00",,,,,"52,500.00","26,670.00","59,062.50",,"553,612.50",
,جستيكول 10 مجم 28 قرص,29952,,,,,,,,1,3,,3,1,,,,,,,,,,,2,,3,3,,,5,,1,,,,1,1,,,,1,,3,1,5,,,,,,,,,,,,,,,,,,4,,2,3,,,,1,1,,,,,,,1,1,,,,,1,,,1,1,1,,,,,,,1,,,,,,,,,,,,,,,,,,,52,0
,,,,,,,,,,105.00,315.00,,315.00,105.00,,,,,,,,,,,210.00,,315.00,315.00,,,525.00,,105.00,,,,105.00,105.00,,,,105.00,,315.00,105.00,525.00,,,,,,,,,,,,,,,,,,420.00,,210.00,315.00,,,,105.00,105.00,,,,,,,105.00,105.00,,,,,105.00,,,105.00,105.00,105.00,,,,,,,105.00,,,,,,,,,,,,,,,,,,,"5,460.00",
,جستيكول 20 مجم 14 قرص,21693,,213,5,8,,,100,25,26,9,11,31,19,,7,19,7,4,21,20,23,1,6,6,11,16,"1,000",6,9,,26,76,11,,3,7,10,5,3,1,4,7,4,4,1,,,4,2,2,7,2,2,4,5,2,3,,16,2,1,8,6,4,2,2,3,4,4,,,4,1,1,5,4,,2,5,1,1,15,1,2,3,2,,,1,2,1,1,2,,2,426,76,60,372,17,,,"2,782",400,300,,,,,800,400,"1,000",,"8,539","1,802"
,,,,"19,354.50",382.50,612.00,,,"9,562.50","1,912.50","1,989.00",688.50,841.50,"2,371.50","1,453.50",,535.50,"1,453.50",535.50,306.00,"1,606.50","1,530.00","1,759.50",76.50,459.00,459.00,841.50,"1,224.00","76,500.00",459.00,688.50,,"1,989.00","6,732.00",841.50,,229.50,535.50,765.00,382.50,229.50,76.50,306.00,535.50,306.00,306.00,76.50,,,306.00,153.00,153.00,535.50,153.00,153.00,306.00,382.50,153.00,229.50,,"1,224.00",153.00,76.50,612.00,459.00,306.00,153.00,153.00,229.50,306.00,306.00,,,306.00,76.50,76.50,382.50,306.00,,153.00,382.50,76.50,76.50,"1,147.50",76.50,153.00,229.50,153.00,,,76.50,153.00,76.50,76.50,153.00,,153.00,"37,944.00","6,579.00","5,202.00","35,649.00","1,300.50",,,"272,952.00","38,556.00","30,217.50",,,,,"76,500.00","38,862.00","95,625.00",,"791,086.50",
,جستيكول 20 مجم 28  قرص,19443,22,,,11,,10,,4,8,1,1,5,6,18,17,5,1,8,5,5,16,4,2,1,1,6,12,,10,0,3,12,3,2,5,8,1,3,4,0,5,7,,5,3,5,1,3,6,5,5,,,3,1,1,1,4,,4,,7,1,1,2,2,2,4,2,6,3,1,2,6,,3,1,2,6,2,,7,3,2,1,4,7,3,,2,,,7,,3,11,19,11,55,2,,20,6,,,,,,,,,,,495,0
,,,"3,366.00",,,"1,683.00",,"1,530.00",,612.00,"1,224.00",153.00,153.00,765.00,918.00,"2,754.00","2,601.00",765.00,153.00,"1,224.00",765.00,765.00,"2,448.00",612.00,306.00,153.00,153.00,918.00,"1,836.00",,"1,530.00",0.00,459.00,"1,836.00",459.00,306.00,765.00,"1,224.00",153.00,459.00,612.00,0.00,765.00,"1,071.00",,765.00,459.00,765.00,153.00,459.00,918.00,765.00,765.00,,,459.00,153.00,153.00,153.00,612.00,,612.00,,"1,071.00",153.00,153.00,306.00,306.00,306.00,612.00,306.00,918.00,459.00,153.00,306.00,918.00,,459.00,153.00,306.00,918.00,306.00,,"1,071.00",459.00,306.00,153.00,612.00,"1,071.00",459.00,,306.00,,,"1,071.00",,459.00,"1,683.00","2,907.00","1,683.00","8,415.00",306.00,,"3,060.00",918.00,,,,,,,,,,,"75,735.00",
,جستيكول 5 مجم 28 قرص,27112,,,,,,,,,,,,,,,,,1,,,,2,,,,,,,,,2,4,6,2,,2,,,,,,,,,,,,,1,,,,,,,,,,,,,,,,,,,,,,,,,,,,,,,,,,,1,,,,,,,,,,,,,,,,,1,,,,,,,,,,,,,,22,0
,,,,,,,,,,,,,,,,,,,69.00,,,,138.00,,,,,,,,,138.00,276.00,414.00,138.00,,138.00,,,,,,,,,,,,,69.00,,,,,,,,,,,,,,,,,,,,,,,,,,,,,,,,,,,69.00,,,,,,,,,,,,,,,,,69.00,,,,,,,,,,,,,,"1,518.00",
,دابوكستارد 60 مجم 3 قرص,16981,10,,,,,,,14,9,23,19,17,4,63,1,2,,50,10,3,17,16,13,7,24,33,13,6,14,23,38,4,11,1,9,40,,5,7,8,1,40,38,1,,4,6,,,1,11,16,2,24,2,,,,27,1,,16,1,2,,5,2,15,10,20,,10,17,14,14,21,1,12,2,3,,,8,13,,4,11,8,,3,7,35,43,10,,5,33,70,55,41,,,,,,,,,,,,,,"1,199",141
,,,504.00,,,,,,,672.00,378.00,"1,050.00",882.00,798.00,168.00,"3,276.00",42.00,84.00,,"2,730.00",504.00,126.00,798.00,756.00,630.00,294.00,"1,092.00","1,554.00",546.00,252.00,588.00,"1,134.00","1,764.00",168.00,462.00,42.00,378.00,"1,974.00",,210.00,294.00,336.00,42.00,"1,848.00","1,680.00",42.00,,168.00,252.00,,,42.00,546.00,756.00,84.00,"1,176.00",84.00,,,,"1,302.00",42.00,,756.00,42.00,84.00,,210.00,84.00,714.00,420.00,924.00,,504.00,798.00,672.00,672.00,882.00,42.00,504.00,84.00,126.00,,,336.00,630.00,,168.00,462.00,336.00,,126.00,294.00,"1,554.00","2,058.00",504.00,,210.00,"1,554.00","3,570.00","2,562.00","1,848.00",,,,,,,,,,,,,,"56,280.00",
,درويكتافيل 100 مجم 12 قرص للمضغ,29007,,,,,,,,,,,,,,,,,,,,,,,,,,,,,,,,,,,,,,,,,,,,,,,,,5,,,,,,,,,,,,,,,,,,,,,,,,,,,1,,,,,,,,,,,,,,,,,,,,,,,,,,,,,,,,,,,,,,6,0
,,,,,,,,,,,,,,,,,,,,,,,,,,,,,,,,,,,,,,,,,,,,,,,,,,,270.00,,,,,,,,,,,,,,,,,,,,,,,,,,,54.00,,,,,,,,,,,,,,,,,,,,,,,,,,,,,,,,,,,,,,324.00,
,ديبافالى 50 مجم 28 قرص,24346,,,,,,,,4,,4,2,3,7,,1,1,6,,7,,,,,,4,4,1,3,3,,6,-18,11,,1,,1,1,2,1,2,3,1,2,,,,1,,,,3,,1,,,,,,,6,3,,,3,6,0,2,3,2,,,4,1,1,,,7,1,2,,1,7,1,,,,3,3,,2,1,1,3,,51,3,4,3,22,,,,,,,,,,,,,,214,4
,,,,,,,,,,432.00,,432.00,216.00,324.00,756.00,,108.00,62.25,460.50,,756.00,,,,,,432.00,432.00,108.00,324.00,324.00,,648.00,"-1,944.00","1,188.00",,108.00,,108.00,108.00,216.00,108.00,216.00,324.00,108.00,216.00,,,,84.00,,,,324.00,,108.00,,,,,,,648.00,324.00,,,324.00,648.00,0.00,216.00,324.00,216.00,,,432.00,108.00,108.00,,,756.00,108.00,216.00,,108.00,756.00,108.00,,,,324.00,324.00,,216.00,108.00,108.00,324.00,,"5,940.00",324.00,432.00,324.00,"2,376.00",,,,,,,,,,,,,,"23,286.75",
,ديبافالى بلس 50-1000 مجم 28 قرص,24197,11,2,20,50,1,"2,800",4,34,22,23,18,24,7,1,51,18,17,13,8,5,33,6,13,5,17,36,15,13,"1,512",10,17,49,41,2,16,4,10,7,5,7,31,11,4,16,3,3,7,4,6,3,5,3,4,6,7,4,1,,1,5,3,16,6,14,6,3,4,8,13,1,3,1,10,6,12,2,4,5,15,1,1,6,17,3,5,2,6,4,,,2,1,4,2,1,188,32,"1,063",-407,9,,40,-20,"2,230",,,,300,,0,,,,"8,693","1,579"
,,,"1,452.00",264.00,"2,640.00","7,920.00",132.00,"480,480.00",528.00,"4,488.00","2,904.00","3,036.00","27,720.00","3,168.00",924.00,132.00,"7,260.00","2,376.00","2,244.00","1,716.00","1,056.00",660.00,"4,488.00",792.00,"1,716.00",660.00,"2,244.00","4,752.00","1,980.00","1,716.00","217,008.00","1,320.00","2,244.00","6,468.00","5,412.00",264.00,"2,112.00",528.00,"1,320.00",924.00,660.00,924.00,"4,092.00","1,452.00",528.00,"2,112.00",396.00,396.00,924.00,528.00,792.00,396.00,660.00,396.00,528.00,792.00,924.00,528.00,132.00,,132.00,660.00,396.00,"2,112.00",792.00,"1,848.00",792.00,396.00,528.00,"1,056.00","1,716.00",132.00,396.00,132.00,"1,320.00",792.00,"1,584.00",264.00,528.00,660.00,"1,980.00",132.00,132.00,792.00,"2,244.00",396.00,660.00,264.00,792.00,528.00,,,264.00,132.00,528.00,264.00,132.00,"28,776.00","4,224.00","140,316.00","-53,724.00","1,188.00",,"5,280.00",0.00,"330,660.00",,,,"49,500.00",,0.00,,,,"1,355,904.00",
,ريوبانوكس 300 قرص للمضغ 100 شريط,42863,,,,,,,,,,,,,,,,,,,,,,,,,,,,,,,,,,,,1,,0,,,,,,,,,,,,,,,,,,,,,,,,,,,2,,,,,,,,,,,,,,,,,,,,,,,,,,,,,,,,,,,,,,,,,,,,,,,,,3,0
,,,,,,,,,,,,,,,,,,,,,,,,,,,,,,,,,,,,,,"1,052.63",,0.00,,,,,,,,,,,,,,,,,,,,,,,,,,,"2,105.26",,,,,,,,,,,,,,,,,,,,,,,,,,,,,,,,,,,,,,,,,,,,,,,,,"3,157.90",
,ريوبانوكس شراب 160 مل نعناع,42193,2,5,105,5,,,,13,5,12,11,12,4,12,4,24,4,21,13,1,,20,61,4,2,3,1,18,59,101,93,-122,88,17,81,85,22,51,4,1,8,15,1,5,1,1,,3,,4,7,,1,,1,,1,,4,2,1,7,6,2,2,2,,12,,13,,,9,8,39,12,6,25,10,,,4,11,9,11,18,5,25,9,11,12,8,,5,4,204,3,107,153,20,,100,,,,,,,,,,,,"1,769",300
,,,168.42,421.06,"8,926.37",505.27,,,,"1,178.95",421.06,"1,094.74","1,094.74","1,094.74",336.84,"1,178.95",336.84,"2,442.12",336.84,"2,021.06","1,263.17",84.21,,"2,021.06","5,305.29",336.84,168.42,252.63,84.21,"1,600.01","5,473.72","10,273.74","9,179.00","-6,231.52","9,179.00","1,515.80","7,831.62","8,252.68","2,105.28","4,884.24",336.84,84.21,673.69,"1,347.38",84.21,421.06,84.21,84.21,,252.63,,336.84,673.69,,84.21,,84.21,,84.21,,336.84,168.42,84.21,589.48,505.27,168.42,168.42,168.42,,"1,094.74",,"1,347.38",,,757.90,673.69,"3,621.07","1,094.74",505.27,"2,273.70",926.32,,,336.84,"1,010.53",757.90,926.32,"1,600.01",421.06,"2,442.12",842.11,926.32,"1,010.53",673.69,,421.06,336.84,"21,810.65",252.63,"9,263.21","17,010.62","2,021.06",,"11,789.54",,,,,,,,,,,,"178,106.36",
,زوركال 20 مجم 14 قرص,17619,4,20,,20,5,,,7,23,41,29,19,8,19,4,55,24,25,25,23,30,11,15,76,14,63,16,16,16,44,36,23,49,35,56,42,38,49,9,,12,30,18,26,1,5,3,1,5,3,12,10,1,8,13,5,1,5,8,4,3,38,10,11,5,8,3,14,15,6,1,13,12,10,27,8,6,16,8,2,,22,12,19,34,24,23,9,14,17,11,16,7,12,19,106,22,25,144,39,,200,,,,,"1,000",,,,,,,"3,151",594
,,,231.00,"1,386.00",,"1,386.00",288.75,,,404.25,"1,262.25","2,400.75","1,905.75","1,097.25",462.00,"1,212.75",231.00,"3,522.75","1,501.50","1,559.25","1,559.25","1,443.75","1,848.00",635.25,866.25,"5,428.50",808.50,"3,869.25","1,039.50","1,039.50",924.00,"2,772.00","2,194.50","1,443.75","3,060.75","2,310.00","3,349.50","2,541.00","2,425.50","3,176.25",519.75,,693.00,"1,963.50","1,039.50","1,501.50",57.75,288.75,173.25,57.75,288.75,173.25,693.00,577.50,57.75,462.00,750.75,288.75,57.75,288.75,462.00,231.00,173.25,"2,425.50",577.50,635.25,288.75,462.00,173.25,808.50,866.25,346.50,57.75,750.75,693.00,577.50,"1,674.75",462.00,346.50,924.00,462.00,115.50,,"1,270.50",693.00,"1,097.25","2,079.00","1,501.50","1,328.25",519.75,808.50,"1,097.25",635.25,924.00,404.25,693.00,"1,097.25","7,161.00","1,270.50","1,674.75","9,817.50","2,483.25",,"15,592.50",,,,,"78,828.75",,,,,,,"216,009.75",
,زوركال 40 مجم 1 فيال وريدى,13780,"9,563","7,850","12,829","20,160","5,586",,,,,,,685,,,,,,,,,,,100,970,360,40,,,,850,100,,,,,,100,,,,,,,,,,,,,,,,,,,,,,,,,,120,450,63,,,,,6,,,,,,300,80,,5,,,,,,,,,,,,,,200,,,,,"1,500",500,,,,,,,,,,,,,,,"62,417",651
,,,"588,124.50","482,775.00","788,983.50","1,279,876.50","343,539.00",,,,,,,"42,127.50",,,,,,,,,,,"6,150.00","59,655.00","22,140.00","2,460.00",,,,"52,275.00","6,150.00",,,,,,"6,150.00",,,,,,,,,,,,,,,,,,,,,,,,,,"7,380.00","27,675.00","3,874.50",,,,,369.00,,,,,,"18,450.00","4,920.00",,307.50,,,,,,,,,,,,,,"12,300.00",,,,,"92,250.00","30,750.00",,,,,,,,,,,,,,,"3,878,682.00",
,زوركال 40 مجم 14 قرص,16543,59,35,113,81,470,,,211,144,211,177,545,91,115,114,38,83,156,93,58,80,246,250,655,158,"1,604",60,175,100,"1,048",402,120,162,115,237,416,208,143,111,37,99,139,207,218,19,16,32,18,21,29,55,69,11,14,28,25,13,9,43,26,21,280,87,162,105,31,68,161,323,36,6,10,109,104,96,185,85,50,51,4,8,43,25,40,159,96,134,86,118,71,47,78,22,123,60,"2,545",478,"4,125","15,670",105,,"1,000",42,"5,000",,"5,000","4,000","2,000",,"1,000",,"19,000",,"73,261","9,950"
,,,"4,159.50","2,538.00","8,460.00","5,922.00","37,012.50",,,"15,580.50","10,222.50","15,157.50","12,690.00","39,832.50","6,486.00","8,248.50","8,248.50","2,679.00","5,992.50","11,068.50","6,627.00","4,089.00","5,710.50","18,189.00","18,118.50","50,196.00","11,491.50","113,364.00","4,230.00","12,690.00","7,261.50","82,767.00","29,398.50","8,812.50","11,491.50","8,107.50","19,317.00","30,315.00","15,510.00","10,222.50","7,896.00","2,679.00","6,979.50","9,799.50","14,805.00","16,144.50","1,339.50","1,128.00","2,256.00","1,269.00","1,480.50","2,044.50","3,948.00","4,935.00",775.50,987.00,"1,974.00","1,762.50",916.50,634.50,"3,031.50","1,833.00","1,480.50","19,951.50","6,133.50","12,549.00","7,473.00","2,185.50","4,864.50","11,421.00","24,252.00","2,538.00",423.00,705.00,"7,755.00","7,332.00","6,768.00","13,747.50","6,063.00","3,525.00","3,595.50",282.00,564.00,"3,031.50","1,762.50","2,820.00","11,280.00","6,768.00","9,447.00","6,063.00","8,460.00","5,076.00","3,313.50","5,499.00","1,551.00","8,883.00","4,230.00","222,709.50","36,166.50","291,165.00","1,484,941.50","7,473.00",,"84,600.00","3,102.00","408,900.00",,"423,000.00","338,400.00","169,200.00",,"84,600.00",,"1,339,500.00",,"5,866,375.50",
,زوركال 40 مجم 28 قرص,16544,33,48,34,239,38,,,95,56,21,9,86,52,68,84,300,52,60,38,56,236,53,166,563,370,106,31,34,48,807,46,46,58,38,60,29,18,57,34,11,62,73,83,39,10,24,13,10,6,40,18,15,20,62,29,21,42,12,62,16,15,70,111,365,95,24,15,63,54,30,20,23,11,42,46,220,83,22,34,18,2,45,32,28,20,38,30,24,23,9,18,10,17,26,23,535,255,"1,500","3,832",191,,,,,,,250,,,200,,,,"13,306","2,084"
,,,"4,794.00","7,050.00","4,935.00","38,070.00","5,358.00",,,"13,818.00","7,896.00","2,961.00","1,269.00","12,408.00","7,332.00","9,729.00","11,985.00","47,094.00","7,473.00","8,601.00","5,358.00","7,896.00","36,378.00","7,473.00","25,098.00","88,971.00","54,567.00","15,228.00","4,371.00","4,794.00","6,909.00","136,629.00","6,627.00","6,627.00","8,178.00","5,358.00","8,601.00","4,089.00","2,538.00","8,037.00","4,794.00","1,551.00","8,883.00","10,434.00","11,844.00","5,499.00","1,410.00","3,384.00","1,833.00","1,410.00",846.00,"5,781.00","2,538.00","2,115.00","2,820.00","8,883.00","4,089.00","2,961.00","6,063.00","1,692.00","8,742.00","2,256.00","2,115.00","10,011.00","16,497.00","56,118.00","13,818.00","3,384.00","2,115.00","8,883.00","7,755.00","4,230.00","2,820.00","3,243.00","1,551.00","5,922.00","6,486.00","33,417.00","11,985.00","3,102.00","4,794.00","2,538.00",282.00,"6,345.00","4,512.00","3,948.00","2,820.00","5,358.00","4,230.00","3,384.00","3,243.00","1,269.00","2,538.00","1,410.00","2,397.00","3,666.00","3,243.00","89,112.00","36,942.00","238,995.00","716,844.00","28,200.00",,,,,,,"42,300.00",,,"33,840.00",,,,"2,169,990.00",
,سانسو اميون 200 مل,25736,,-6,,,,,,3,8,9,,,,,,,,,,,,,,,,,,,,,,,,,,,,,,,11,,,,,3,,,,,,,,,,,,,,,,,,,,,,,,,,,,,,,,,,,,,,,,,,,,,,,,,,29,,,5,,,,,,,,,,,,,,,62,0
,,,,-631.56,,,,,,276.32,736.84,947.34,,,,,,,,,,,,,,,,,,,,,,,,,,,,,,,"1,157.86",,,,,276.32,,,,,,,,,,,,,,,,,,,,,,,,,,,,,,,,,,,,,,,,,,,,,,,,,,"2,671.05",,,526.30,,,,,,,,,,,,,,,"5,960.46",
,سانسو اميون بلس 140 مل,52670,,30,,25,,,,26,62,110,81,120,108,140,47,113,64,52,22,201,34,50,38,11,45,159,23,36,116,3,58,63,125,33,15,96,57,112,29,6,76,50,52,35,38,1,6,5,14,56,10,29,12,25,2,10,3,12,32,8,16,22,26,15,7,20,64,43,40,15,9,18,44,66,36,22,28,28,12,6,15,14,11,41,12,9,,28,7,23,,7,9,31,28,158,149,115,85,66,,,1,,,,,,,,,,,"4,132",54
,,,,"2,947.52",,"2,302.75",,,,"2,394.86","5,710.82","10,132.10","7,460.91","11,053.20","10,132.10","12,895.40","4,329.17","10,408.43","5,895.04","4,973.94","2,026.42","18,514.11","3,131.74","4,605.50","3,500.18","1,013.21","4,144.95","14,829.71","2,118.53","3,315.96","10,684.76",276.33,"5,342.38","6,171.37","11,605.86","3,039.63","1,381.65","8,842.56","5,250.27","10,316.32","2,671.19",552.66,"7,000.36","4,605.50","4,789.72","3,223.85","3,500.18",92.11,552.66,460.55,"1,289.54","5,342.38",921.10,"2,671.19","1,105.32","2,302.75",184.22,921.10,276.33,"1,105.32","2,947.52",736.88,"1,473.76","2,026.42","2,394.86","1,381.65",644.77,"1,842.20","5,895.04","3,960.73","3,684.40","1,381.65",828.99,"1,657.98","4,052.84","6,079.26","3,315.96","2,026.42","2,579.08","2,579.08","1,105.32",552.66,"1,381.65","1,289.54","1,013.21","4,144.95","1,105.32",828.99,,"2,579.08",644.77,"2,118.53",,644.77,828.99,"3,039.63","2,579.08","15,935.03","14,000.72","10,592.65","9,211.00","6,079.26",,,92.11,,,,,,,,,,,"385,572.46",
,سانسو انتى اوكسيدنت 28 قرص,47025,-6,,,,,,,22,2,2,4,7,2,3,11,8,2,,4,,2,9,6,6,2,5,,5,2,61,4,3,9,15,5,4,5,16,3,,3,2,,2,1,2,,,2,,,,,4,3,,1,,2,,3,3,,2,,,3,13,,5,,,2,4,11,,1,5,4,1,1,2,5,,,,2,1,1,2,3,0,2,2,1,19,15,20,22,,,,,,,,,,,,,,,400,13
,,,"-1,010.52",,,,,,,"3,873.66",336.84,336.84,673.68,"1,178.94",336.84,505.26,"2,189.46","1,347.36",336.84,,673.68,,336.84,"1,515.78","1,010.52","1,010.52",336.84,842.10,,842.10,336.84,"10,442.04",673.68,505.26,"1,515.78","2,694.72",842.10,673.68,842.10,"2,694.72",505.26,,505.26,336.84,,336.84,168.42,336.84,,,336.84,,,,,673.68,505.26,,168.42,,336.84,,505.26,505.26,,336.84,,,505.26,"2,189.46",,842.10,,,336.84,673.68,"1,852.62",,168.42,842.10,673.68,168.42,168.42,336.84,842.10,,,,336.84,168.42,168.42,336.84,505.26,0.00,336.84,336.84,168.42,"3,368.40","2,526.30","4,042.08","4,210.50",,,,,,,,,,,,,,,"69,557.46",
,سانسو او ار اس شراب 237 مل باندل 5+1,42055,,,,,,,,,1,,,,1,,,,,,,2,1,,,,0,,,,,,,1,,,,,,,,,,,,,,,,,,,,,,,1,2,,,1,,,,,,,,,,,,,,,,,,,,,,,,2,1,,,,,,,,,,,,,,,,,,,,,,,,,,,,,,13,0
,,,,,,,,,,,280.70,,,,280.70,,,,,,,561.40,280.70,,,,0.00,,,,,,,280.70,,,,,,,,,,,,,,,,,,,,,,,280.70,561.40,,,280.70,,,,,,,,,,,,,,,,,,,,,,,,561.40,280.70,,,,,,,,,,,,,,,,,,,,,,,,,,,,,,"3,649.13",
,سانسو اوميجا شراب 200 مل,36318,,,,302,,,,3,10,12,3,2,18,9,24,27,30,16,6,13,30,1,3,4,0,34,,9,1,14,59,34,10,15,28,70,7,27,3,5,3,3,,3,2,2,6,8,7,9,11,8,6,5,10,8,5,,11,3,1,3,1,1,,3,3,20,9,2,,3,,15,7,1,3,10,2,,,4,13,7,6,6,11,11,4,8,2,,0,1,14,85,88,45,128,17,,,,,,,,,,,,,"1,032","2,505",171
,,,,,,"50,779.03",,,,378.95,"1,263.16","1,515.79",378.95,252.63,"2,273.69","1,136.84","3,031.58","2,792.99","3,789.48","2,021.06",757.90,"1,642.11","4,168.43",126.32,378.95,505.26,28.07,"4,673.69",,"1,136.84",126.32,"2,147.37","7,831.59","4,926.32","1,263.16","1,894.74","3,536.85","8,842.12",884.21,"3,410.53",378.95,631.58,378.95,378.95,,378.95,252.63,252.63,757.90,"1,010.53",884.21,884.21,"1,389.48","1,010.53",757.90,631.58,"1,263.16","1,010.53",631.58,,"1,389.48",378.95,126.32,378.95,126.32,126.32,,378.95,378.95,"2,905.27","1,136.84",252.63,,378.95,,"1,894.74",884.21,126.32,378.95,"1,263.16",252.63,,,505.26,"1,642.11",884.21,757.90,757.90,"1,389.48","1,389.48",505.26,"1,010.53",252.63,,0.00,126.32,"1,768.42","12,757.92","12,631.60","6,063.17","18,442.14","2,091.23",,,,,,,,,,,,,"130,358.11","336,870.75",
,سانسو برجنا بلس 28 قرص,33882,,,,,,,,1,-20,8,,2,2,2,,,2,,2,4,5,,1,,,,,,2,,,13,,,,,2,,1,1,1,1,3,,,1,,,,1,2,,,3,,,,,,,,2,,,2,,,,1,,,,,,,,,,,,1,2,,3,,1,,,,,,,,1,,2,3,1,3,-2,,,150,,,,,,,,,,,210,0
,,,,,,,,,,154.39,"-3,087.72","1,235.09",,308.77,308.77,308.77,,,308.77,,308.77,617.54,771.93,,154.39,,,,,,308.77,,,"2,007.02",,,,,308.77,,154.39,154.39,154.39,154.39,463.16,,,154.39,,,,154.39,308.77,,,463.16,,,,,,,,308.77,,,308.77,,,,154.39,,,,,,,,,,,,154.39,308.77,,463.16,,154.39,,,,,,,,154.39,,308.77,463.16,154.39,463.16,-308.77,,,"23,157.90",,,,,,,,,,,"32,421.06",
,سانسو برونشى شراب 100 مل,28993,30,,,,,,300,1,,4,,,,,,10,,2,13,,11,,,1,47,,1,1,100,20,,1,4,2,,8,58,1,3,,101,,,2,,,,,,,161,,2,,2,,,2,,,,,1,50,10,11,2,13,4,,,,,,,100,413,2,,,,,,12,,,,,,2,,,163,,21,3,,30,3,,,,,,200,500,,,,,,,,"2,428",159
,,,"1,684.20",,,,,,"16,842.00",56.14,,224.56,,,,,,729.82,,112.28,842.10,,785.96,,,56.14,"3,199.98",,56.14,56.14,"5,614.00","1,403.50",,56.14,224.56,112.28,,449.12,"5,108.74",56.14,168.42,,"5,670.14",,,112.28,,,,,,,"9,038.54",,112.28,,112.28,,,112.28,,,,,56.14,"2,807.00",561.40,617.54,112.28,729.82,224.56,,,,,,,"5,614.00","23,185.82",112.28,,,,,,673.68,,,,,,112.28,,,"9,150.82",,"1,178.94",168.42,,"1,852.62",168.42,,,,,,"16,842.00","28,070.00",,,,,,,,"145,234.18",
,سانسو بوتاسيوم 200 مجم 28 قرص,37881,3,,6,25,,,,33,15,14,49,37,3,8,26,18,2,35,4,10,43,7,16,2,2,32,8,8,23,10,,28,51,2,5,4,11,13,1,2,6,8,9,12,2,2,4,3,1,6,9,21,3,4,4,2,5,3,3,,1,40,8,8,2,1,4,1,16,,,,2,,7,3,,1,3,2,,7,4,2,,,,,1,,,0,3,,,68,25,74,13,24,,,,,,,,,,,,,,983,18
,,,252.63,,505.27,"2,105.28",,,,"2,778.96","1,263.17","1,178.95","4,126.34","3,115.81",252.63,673.69,"2,189.49","1,515.80",168.42,"3,284.23",336.84,842.11,"3,621.07",589.48,"1,347.38",168.42,168.42,"2,694.75",673.69,673.69,"1,936.85",842.11,,"2,357.91","4,378.97",168.42,421.06,336.84,926.32,"1,094.74",84.21,168.42,505.27,673.69,757.90,"1,010.53",168.42,168.42,336.84,252.63,84.21,505.27,757.90,"1,768.43",252.63,336.84,336.84,168.42,421.06,252.63,252.63,,84.21,"3,368.44",673.69,673.69,168.42,84.21,336.84,84.21,"1,347.38",,,,168.42,,589.48,252.63,,84.21,252.63,168.42,,589.48,336.84,168.42,,,,,84.21,,,0.00,252.63,,,"6,821.09","2,105.28","6,231.61","1,094.74","2,021.06",,,,,,,,,,,,,,"84,295.21",
,سانسو بوتاسيوم شراب 160 مل,42243,0,,,,,,,,1,,4,1,6,9,2,4,3,2,2,4,3,4,,2,1,1,2,5,,,2,0,7,,,1,2,1,2,,,5,,,,,2,1,1,,,2,,1,,1,,,2,,1,3,,-1,1,,,,2,5,,,0,0,1,,,,0,,,,,,,,,,,,,0,,,,15,4,13,12,2,,,,,,,,,,,,,,144,0
,,,0.00,,,,,,,,84.21,,336.84,84.21,505.27,757.90,168.42,336.84,252.63,168.42,168.42,336.84,252.63,336.84,,168.42,84.21,84.21,168.42,421.06,,,168.42,0.00,589.48,,,84.21,168.42,84.21,168.42,,,421.06,,,,,168.42,84.21,84.21,,,168.42,,84.21,,84.21,,,168.42,,84.21,252.63,,-84.21,84.21,,,,168.42,421.06,,,0.00,0.00,84.21,,,,0.00,,,,,,,,,,,,,0.00,,,,"1,263.17",336.84,"1,094.74","1,010.53",168.42,,,,,,,,,,,,,,"12,126.38",
,سانسو بى 12 28 قرص,42054,,40,,,,200,,8,4,9,1,3,0,1,4,4,5,6,,2,4,,2,,8,4,8,5,3,2,8,16,4,,3,5,4,9,4,,,2,,4,,,,,2,2,2,3,6,4,7,23,,2,,,1,1,2,2,,1,2,,6,2,2,2,,1,2,,,3,,,,3,2,1,1,3,4,3,,2,,,,2,,201,23,6,261,24,,,10,,,,,,,,,,,"1,006",208
,,,,"5,052.66",,,,"24,842.25",,673.69,336.84,757.90,84.21,252.63,0.00,84.21,336.84,336.84,421.06,505.27,,168.42,336.84,,168.42,,673.69,336.84,673.69,421.06,252.63,168.42,673.69,"1,347.38",336.84,,252.63,421.06,336.84,757.90,336.84,,,168.42,,336.84,,,,,168.42,168.42,168.42,252.63,505.27,336.84,589.48,"1,936.85",,168.42,,,84.21,84.21,168.42,168.42,,84.21,168.42,,505.27,168.42,168.42,168.42,,84.21,168.42,,,252.63,,,,252.63,168.42,84.21,84.21,252.63,336.84,252.63,,168.42,,,,168.42,,"21,979.07","1,936.85",505.27,"24,758.03","2,021.06",,,842.11,,,,,,,,,,,"102,232.15",
,سانسو بى تريو 14 قرص,40747,,100,,,,,,1,11,12,1,11,10,1,14,7,22,49,7,2,16,1,2,,,2,2,2,1,14,0,8,13,5,2,1,,9,5,5,,3,14,2,,,,2,2,3,1,1,,6,0,1,,,6,,2,3,,,1,,2,,1,4,5,2,,5,1,,,2,,7,,3,1,5,,,1,1,2,,,,1,,,2,24,5,339,6,,,,,,,,200,,,,,,"1,002",196
,,,,"8,350.86",,,,,,59.65,656.14,775.44,59.65,656.14,596.49,59.65,835.09,417.54,"1,431.58","3,459.64",477.19,119.30,"1,073.68",59.65,119.30,,,119.30,119.30,119.30,59.65,894.74,0.00,536.84,894.74,298.25,119.30,59.65,,596.49,357.89,298.25,,178.95,835.09,119.30,,,,119.30,119.30,178.95,59.65,59.65,,357.89,0.00,59.65,,,357.89,,119.30,178.95,,,59.65,,119.30,,59.65,238.60,357.89,119.30,,357.89,59.65,,,119.30,,477.19,,178.95,59.65,298.25,,,59.65,59.65,119.30,,,,59.65,,,119.30,"1,670.17",357.89,"27,736.79",417.54,,,,,,,,"11,929.80",,,,,,"71,459.50",
,سانسو بيبى ماء للاطفال 100 مل,22524,,55,,,,,,18,6,15,4,2,9,25,9,6,2,30,5,1,7,5,,,2,11,,,3,3,,10,19,,23,20,144,4,1,,17,0,2,16,1,3,,,1,3,,,5,5,5,4,,,,,4,32,,3,,,3,,,3,,,,,1,2,55,2,1,,,7,7,8,2,,2,2,,,4,,9,,2,94,3,,12,2,,,6,,,100,,,,,,,,867,165
,,,,"2,644.76",,,,,,710.53,236.84,592.11,157.90,78.95,355.27,"1,144.75",355.27,236.84,78.95,"1,342.12",197.37,39.47,276.32,197.37,,,78.95,434.21,,,118.42,118.42,,394.74,750.01,,"1,065.80",947.38,"7,973.75",157.90,39.47,,671.06,0.00,78.95,631.58,39.47,118.42,,,39.47,118.42,,,197.37,197.37,197.37,157.90,,,,,157.90,"1,263.17",,118.42,,,118.42,,,118.42,,,,,39.47,78.95,"2,763.18",78.95,39.47,,,276.32,276.32,315.79,78.95,,78.95,78.95,,,157.90,,355.27,,78.95,"4,263.19",118.42,,473.69,78.95,,,236.84,,,"5,921.10",,,,,,,,"40,737.17",
,سانسو بيفلكس بلس 28 قرص,31894,,,,,,,,,,,,,,,,2,3,,,,2,1,0,,,,5,,1,,,1,1,,,,,,,,,,,,1,,0,,,,,,,5,,,5,,,,,,,1,,,,-1,1,,,,1,,,,,,,,,1,,,,,,,,,,,,,,,5,1,3,4,,,,,,200,,,,,,,,243,84
,,,,,,,,,,,,,,,,,,449.12,673.68,,,,449.12,224.56,0.00,,,,"1,347.37",,224.56,,,224.56,224.56,,,,,,,,,,,,224.56,,0.00,,,,,,,"1,122.81",,,"1,347.37",,,,,,,224.56,,,,-224.56,224.56,,,,224.56,,,,,,,,,224.56,,,,,,,,,,,,,,,"1,347.37",224.56,673.68,"1,122.81",,,,,,"62,877.08",,,,,,,,"73,431.45",
,سانسو جينكونا بلس 30 كبسولة,46949,,,,,,,,6,-13,2,6,1,1,10,,,2,,2,,11,,,,,6,,,,,,4,,,,,,,,,1,1,,1,,,,,,,,,1,1,,,,,,,3,3,,,,,1,,3,,,,,,,,,,1,,2,4,,,,,,,,,,,,,,7,,21,4,-3,,,,,,,,,,,,,,89,2
,,,,,,,,,,"1,136.84","-2,463.16",378.95,"1,136.84",189.47,189.47,"2,273.69",,,378.95,,378.95,,"2,084.21",,,,,"1,136.84",,,,,,757.90,,,,,,,,,189.47,189.47,,189.47,,,,,,,,,189.47,189.47,,,,,,,568.42,568.42,,,,,189.47,,568.42,,,,,,,,,,189.47,,378.95,757.90,,,,,,,,,,,,,,"1,326.32",,"3,978.95",757.90,-568.42,,,,,,,,,,,,,,"17,242.13",
,سانسو د3 بلس 28 قرص,47897,-10,213,,85,,,,53,13,10,24,14,74,66,135,215,43,125,27,97,160,18,3,4,2,19,65,15,4,19,16,33,6,15,20,16,15,57,4,4,3,2,3,9,3,3,11,20,41,35,2,19,15,70,17,17,9,25,68,4,17,9,5,3,1,5,2,11,18,207,11,11,15,12,5,,,6,5,9,4,5,1,8,,51,1,1,3,2,3,2,1,10,14,45,74,21,"4,057",134,400,,,150,,,,200,,,,,,"7,594","1,650"
,,,"2,273.76","29,685.20",,"13,389.92",,,,"6,947.60","1,642.16","1,263.20","3,158.00","1,768.48","9,600.32","9,095.04","18,695.36","31,201.04","5,558.08","17,305.84","3,410.64","12,884.64","21,727.04","2,273.76",378.96,505.28,252.64,"2,400.08","8,337.12","1,894.80",505.28,"2,652.72","2,021.12","4,168.56",757.92,"1,894.80","2,652.72","2,021.12","2,147.44","7,326.56",505.28,505.28,378.96,252.64,378.96,"1,136.88",378.96,378.96,"1,389.52","2,526.40","5,305.44","4,547.52",252.64,"2,400.08","1,894.80","8,968.72","2,147.44","2,147.44","1,136.88","3,158.00","8,842.40",505.28,"2,147.44","1,136.88",631.60,378.96,126.32,631.60,252.64,"1,389.52","2,273.76","28,674.64","1,389.52","1,389.52","1,894.80","1,515.84",631.60,,,757.92,631.60,"1,136.88",505.28,631.60,126.32,"1,010.56",,"7,958.16",126.32,126.32,378.96,252.64,378.96,252.64,126.32,"1,263.20","1,894.80","6,063.36","9,852.96","2,905.36","670,127.60","18,316.40","63,160.00",,,"22,737.60",,,,"31,580.00",,,,,,"1,167,702.08",
,سانسو دى 3 نقط 15 مل,47044,50,50,,2,,,,10,8,13,,1,6,,,2,,,9,6,2,4,1,1,,,3,4,4,,,1,24,2,,21,7,1,2,,40,,,3,,,4,,,,1,,,3,1,1,,5,2,,6,3,,,,,,,,3,,,,,102,,2,1,1,,,2,3,1,,2,,,5,,,,7,0,3,11,5,,2,1,,,,,100,,,,,,,,,554,73
,,,"1,964.90","1,964.90",,78.60,,,,392.98,314.38,510.87,,39.30,235.79,,,78.60,,,353.68,235.79,78.60,157.19,39.30,39.30,,,117.89,157.19,157.19,,,39.30,"1,139.64",78.60,,"1,021.75",275.09,39.30,78.60,,"2,043.50",,,117.89,,,157.19,,,,39.30,,,117.89,39.30,39.30,,196.49,78.60,,235.79,117.89,,,,,,,,117.89,,,,,"4,008.40",,78.60,39.30,39.30,,,78.60,117.89,39.30,,78.60,,,196.49,,,,275.09,0.00,117.89,471.58,196.49,,78.60,39.30,,,,,"5,894.70",,,,,,,,,"24,639.85",
,سانسو دى 3 نقط 60 مل,33721,,,,,,,,,3,2,,,2,10,1,,,2,1,8,,6,,,,,2,1,,,,2,1,1,,1,1,,5,1,3,,,2,,,1,2,,5,,,,9,1,1,,,4,,5,,,,0,7,,,-1,1,,,,1,6,1,,1,,,,-2,1,1,,,,,,,,,1,,,20,60,4,15,5,,,1,,,,,,,,,,,205,4
,,,,,,,,,,,252.63,168.42,,,168.42,"1,010.53",84.21,,,168.42,84.21,673.69,,505.27,,,,,168.42,84.21,,,,168.42,84.21,84.21,,84.21,84.21,,421.06,84.21,252.63,,,168.42,,,84.21,168.42,,421.06,,,,757.90,84.21,84.21,,,336.84,,421.06,,,,0.00,589.48,,,-84.21,84.21,,,,84.21,505.27,84.21,,84.21,,,,-168.42,84.21,84.21,,,,,,,,,84.21,,,"1,852.64","5,052.66",336.84,"1,263.17",421.06,,,84.21,,,,,,,,,,,"17,600.10",
,سانسو زنك 25 مجم 30 كبسولة,52686,,1,,3,,,,8,1,3,18,7,17,298,49,238,30,33,56,35,68,4,2,,2,36,11,7,3,7,19,15,11,3,,7,6,54,7,,16,1,2,5,25,,7,13,6,45,2,88,1,142,5,4,2,13,24,11,5,7,2,,,,8,,3,1,,5,7,3,1,4,5,1,,,6,,1,5,3,,,3,,,,,2,,,100,17,87,139,264,,,,,,,,,,,,,,"2,150",144
,,,,77.19,,231.57,,,,617.52,77.19,231.57,"1,466.61",540.33,"1,389.42","24,546.42","4,013.88","19,143.12","2,392.89","2,624.46","4,554.21","2,856.03","5,634.87",308.76,154.38,,154.38,"3,010.41",926.28,540.33,231.57,540.33,"1,543.80","1,235.04",926.28,231.57,,540.33,463.14,"4,399.83",540.33,,"1,389.42",77.19,154.38,385.95,"1,929.75",,540.33,"1,080.66",463.14,"3,473.55",154.38,"6,947.10",77.19,"11,115.36",385.95,308.76,154.38,"1,003.47","1,852.56",926.28,385.95,540.33,154.38,,,,617.52,,231.57,77.19,,385.95,540.33,231.57,77.19,308.76,385.95,77.19,,,463.14,,77.19,385.95,231.57,,,231.57,,,,,154.38,,,"9,648.75","1,312.23","7,641.81","11,887.26","22,462.29",,,,,,,,,,,,,,"177,073.86",
,سانسو زنك 50 مجم 30 كبسولة,27521,,,,,,,,,,,,1,,,,,,,,,,,,,,,,,,,,2,1,,1,,,,,,,,,,,,,,,,,,,,,,,,,,,,,,0,,,,,,,,,,,,,,0,,,,,,,,,,,,,,,,,0,,,,,,,,,,,,,,,,,,5,0
,,,,,,,,,,,,,,77.19,,,,,,,,,,,,,,,,,,,,154.39,77.19,,77.19,,,,,,,,,,,,,,,,,,,,,,,,,,,,,,0.00,,,,,,,,,,,,,,0.00,,,,,,,,,,,,,,,,,0.00,,,,,,,,,,,,,,,,,,385.97,
,سانسو زيم 30 قرص,46795,,100,,,,,,1,4,,2,3,3,6,24,21,12,7,13,4,24,,,4,,,11,1,,13,,,2,,3,7,7,,3,,71,2,,3,,1,2,10,3,6,,1,,7,4,5,10,2,12,,6,,,,,,,,,,,,4,2,,,,0,1,,,1,1,36,1,41,7,1,1,,,,3,,,13,44,,136,10,,,,,,,,,,,,,,722,153
,,,,"26,526.36",,,,,,189.47,757.90,,378.95,568.42,568.42,"1,136.84","5,115.80","4,168.43","2,273.69","1,515.79","2,652.64",757.90,"5,115.80",,,757.90,,,"2,273.69",189.47,,"2,463.16",,,378.95,,568.42,"1,515.79","1,515.79",,568.42,,"18,757.93",378.95,,568.42,,189.47,378.95,"1,894.74",568.42,"1,136.84",,189.47,,"1,515.79",757.90,947.37,"2,084.21",378.95,"2,463.16",,"1,136.84",,,,,,,,,,,,757.90,378.95,,,,0.00,189.47,,,189.47,189.47,"9,094.75",189.47,"10,042.12","1,326.32",189.47,189.47,,,,568.42,,,"3,031.58","9,663.17",,"32,210.58","2,273.69",,,,,,,,,,,,,,"165,789.75",
,سانسو سى بلس 14 قرص,28492,1,,,40,62,,,9,6,47,4,6,4,11,5,14,10,30,3,,35,1,,2,,16,5,,2,9,27,12,7,2,12,11,25,71,1,5,3,1,1,2,1,3,,1,,4,,1,,19,1,,,,,,6,,1,,,1,,3,5,5,,1,2,2,,,,0,1,,,5,,6,7,5,14,6,,,-1,6,,9,6,208,28,5,246,111,,,,,,,,100,,,,,,"1,320",203
,,,66.67,,,"3,333.35","4,933.36",,,600.00,400.00,"3,933.35",266.67,400.00,266.67,733.34,333.34,"1,133.34",733.34,"2,533.35",200.00,,"2,800.01",66.67,,133.33,,"1,066.67",400.00,,133.33,666.67,"1,933.34",866.67,533.34,133.33,866.67,800.00,"1,800.01","5,133.36",66.67,400.00,200.00,66.67,66.67,133.33,66.67,200.00,,66.67,,266.67,,66.67,,"1,333.34",66.67,,,,,,466.67,,66.67,,,66.67,,200.00,333.34,333.34,,66.67,133.33,133.33,,,,0.00,66.67,,,400.00,,466.67,466.67,333.34,"1,066.67",466.67,,,-66.67,466.67,,666.67,400.00,"16,533.42","2,333.35",333.34,"19,733.43","9,200.05",,,,,,,,"6,666.70",,,,,,"101,533.84",
,سانسو سى بلس 28 قرص,28493,,3,10,20,,,10,6,2,5,1,3,12,40,6,16,4,9,1,37,21,,3,,,5,1,,,4,8,3,1,,2,,20,12,1,1,4,,1,3,1,1,3,1,,3,,21,,,,,15,4,,,1,,,,,1,,0,4,,,,,,,1,,,,2,,1,1,1,4,,1,,1,,1,,,4,,,12,6,52,45,,,,,,,,,,,,,,462,60
,,,,400.00,"1,733.33","2,666.66",,,"1,333.33",800.00,266.67,666.67,133.33,400.00,"2,000.00","6,933.32",800.00,"2,133.33",533.33,"1,200.00",133.33,"5,733.32","3,199.99",,400.00,,,666.67,133.33,,,533.33,"1,066.66",400.00,133.33,,266.67,,"3,066.66","2,000.00",133.33,133.33,533.33,,133.33,400.00,133.33,133.33,400.00,133.33,,400.00,,"3,199.99",,,,,"2,399.99",533.33,,,133.33,,,,,133.33,,0.00,533.33,,,,,,,133.33,,,,266.67,,133.33,133.33,133.33,533.33,,133.33,,133.33,,133.33,,,533.33,,,"1,600.00",800.00,"8,133.31","7,599.98",,,,,,,,,,,,,,"69,599.83",
,سانسو فوليك 800 مكجم 28 قرص,32482,,10,,,,,,6,-11,,,7,2,2,,4,,,,4,3,,,,,4,,,-1,7,1,-32,1,,1,5,32,,,2,3,,,,,2,,,,13,1,1,,3,2,,,,1,,3,,1,,,1,,1,1,,,,1,,,,0,,,,,7,1,5,1,,1,1,,,,,2,,,14,4,79,35,-3,,,,,,,,,,,,,,228,32
,,,,771.93,,,,,,463.16,-694.74,,,540.35,154.39,154.39,,308.77,,,,308.77,231.58,,,,,308.77,,,-77.19,540.35,77.19,"-2,470.18",77.19,,77.19,385.97,"2,470.18",,,154.39,231.58,,,,,154.39,,,,"1,003.51",77.19,77.19,,231.58,154.39,,,,77.19,,231.58,,77.19,,,77.19,,77.19,77.19,,,,77.19,,,,0.00,,,,,540.35,77.19,385.97,77.19,,77.19,77.19,,,,,154.39,,,"1,080.70",308.77,"8,414.04","2,701.76",-231.58,,,,,,,,,,,,,,"20,070.18",
,سانسو كال دى 28 قرص 4 شرائط,34486,,,,,,,,2,-23,4,,2,,,9,,1,1,,,2,,,2,,1,,,,,,-2,,,,2,1,,1,,1,,2,,,1,,,,,,,,1,1,,,,6,,6,2,0,,,,,,1,1,,,,,,,,,3,,,1,,,,,,,1,,,1,,,,21,,95,5,-4,,,144,,,,,,,,,,,292,42
,,,,,,,,,,252.63,"-2,400.00",505.26,,252.63,,,"1,136.84",,126.32,126.32,,,252.63,,,252.63,,126.32,,,,,,0.00,,,,252.63,126.32,,126.32,,126.32,,252.63,,,126.32,,,,,,,,126.32,126.32,,,,"1,010.53",,"1,010.53",252.63,0.00,,,,,,126.32,126.32,,,,,,,,,378.95,,,126.32,,,,,,,126.32,,,126.32,,,,"2,905.27",,"15,789.50",631.58,-505.26,,,"18,189.50",,,,,,,,,,,"42,189.54",
,سانسو كال دى 30 قرص,26838,,,,,,,,,,,,,,,,,,,,,,,,,,,,,,,,,,,,,,,,,,,,,,,,,,,,,,,,,,,,,,,,,,,,,,,,,,,,,,,,,,,,,,,,,,,,,,,,,,6,,,,,,,,,,,,,,,,6,0
,,,,,,,,,,,,,,,,,,,,,,,,,,,,,,,,,,,,,,,,,,,,,,,,,,,,,,,,,,,,,,,,,,,,,,,,,,,,,,,,,,,,,,,,,,,,,,,,,,,,294.74,,,,,,,,,,,,,,,,294.74,
,سانسو كود 140 مل,48442,,1,,,,,400,11,4,22,21,10,0,,7,4,6,28,4,2,,3,1,,13,12,3,,1,8,11,105,8,3,1,10,30,3,,,4,9,4,11,2,,1,1,-1,2,5,,,,1,,3,1,9,,5,4,,,5,,1,7,5,2,,,,5,4,,21,1,1,1,1,25,6,8,,1,3,4,,3,,,4,2,2,108,12,82,39,4,,,,,,10,,,,,,,,"1,160",218
,,,,92.11,,,,,"51,581.60","1,013.21",368.44,"2,026.42","2,118.53",921.10,0.00,,644.77,368.44,552.66,"2,947.52",368.44,184.22,,276.33,92.11,,"1,381.65","1,105.32",276.33,,92.11,736.88,"1,013.21","9,671.55",736.88,276.33,92.11,921.10,"3,131.74",276.33,,,368.44,828.99,368.44,"1,013.21",184.22,,92.11,92.11,-92.11,184.22,460.55,,,,92.11,,276.33,92.11,828.99,,460.55,368.44,,,552.66,,92.11,644.77,460.55,184.22,,,,460.55,368.44,,"2,486.97",92.11,92.11,92.11,92.11,"2,671.19",552.66,736.88,,92.11,276.33,368.44,,276.33,,,368.44,184.22,184.22,"11,790.08","1,105.32","8,197.79","4,144.95",368.44,,,,,,"1,105.32",,,,,,,,"126,927.58",
,سانسو كولاجين فيت حمضيات 315 مل شراب,30648,,,,,,,,,,,,,,1,2,3,4,,,2,,,,,2,,,,,0,,,,,,,,,,,,,,,,,1,2,1,,,,,,,,1,,1,,,,,,,,,,,,,1,,1,,,,,,,,,,,,,,,,,,,,,,32,6,6,30,,,,,,,,,5,,,,,,101,27
,,,,,,,,,,,,,,,,687.72,"1,375.44","2,063.16","4,126.31",,,"1,375.44",,,,,"1,375.44",,,,,0.00,,,,,,,,,,,,,,,,,687.72,"1,375.44",687.72,,,,,,,,687.72,,687.72,,,,,,,,,,,,,687.72,,687.72,,,,,,,,,,,,,,,,,,,,,,"32,322.79","4,814.03","4,814.03","24,757.88",,,,,,,,,"4,814.03",,,,,,"88,028.03",
,سانسو كير كريم سترتش مارك 100 جرام,25710,,,,,,,,4,,3,,3,,,1,,,1,,1,1,,,,,0,,3,,,3,,1,,,,,,0,,0,1,0,,,,,,,,,,,,,,2,,-1,,,2,,,,,,1,2,,,,1,,1,0,,,,,,,0,1,,,,1,,,,,,,,3,0,50,2,3,,,,,,,,,,,,,,90,50
,,,,,,,,,,280.70,,210.53,,210.53,,,70.18,,,70.18,,70.18,70.18,,,,,0.00,,210.53,,,210.53,,70.18,,,,,,0.00,,0.00,70.18,0.00,,,,,,,,,,,,,,140.35,,-70.18,,,140.35,,,,,,70.18,140.35,,,,70.18,,70.18,0.00,,,,,,,0.00,70.18,,,,70.18,,,,,,,,210.53,0.00,"7,017.50",140.35,210.53,,,,,,,,,,,,,,"9,824.50",
,سانسو ماغنسيوم 28 قرص,39016,1,3,,11,,,,27,27,42,-13,19,20,41,25,103,97,118,16,34,78,4,5,,7,59,-4,7,4,22,3,8,4,,5,4,5,11,7,2,18,5,4,14,26,0,19,51,30,28,2,41,9,46,30,23,42,15,75,3,9,12,1,,6,4,1,10,12,5,,9,8,18,,,3,,6,,12,21,,3,2,2,,2,2,1,1,,13,2,,158,57,102,149,55,,,36,,,,20,,,,,1,,"2,026",104
,,,140.35,421.05,,"1,964.91",,,,"3,789.48","3,789.48","6,315.80","-1,824.56","2,666.67","2,807.02","6,456.15","3,508.78","14,877.21","14,456.15","18,385.98","2,245.62","4,771.93","11,368.43",561.40,701.76,,982.46,"9,122.82",-561.40,982.46,561.40,"3,087.72",421.05,"1,122.81",561.40,,701.76,561.40,701.76,"1,543.86",982.46,280.70,"2,526.32",701.76,561.40,"1,964.91","3,649.13",0.00,"2,666.67","7,578.95","4,210.53","3,929.83",280.70,"5,754.39","1,263.16","6,877.20","4,210.53","3,368.42","6,315.80","2,105.27","11,368.43",421.05,"1,263.16","1,684.21",140.35,,842.11,561.40,140.35,"1,403.51","1,684.21",701.76,,"1,263.16","1,122.81","2,526.32",,,421.05,,842.11,,"1,684.21","3,368.42",,421.05,280.70,280.70,,280.70,280.70,140.35,140.35,,"1,824.56",280.70,,"24,168.45","8,421.06","14,456.15","22,175.46","8,140.36",,,"5,473.69",,,,"3,368.42",,,,,140.35,,"298,133.60",
,سانسو هيماتنيك 28 قرص,47093,,,,,2,,,6,1,6,2,2,1,,,3,5,4,,,3,,9,,1,1,16,,,12,7,3,,1,4,1,,1,1,1,,2,,4,,,,2,,2,,2,1,2,1,5,,2,1,,,5,,,1,,,,2,,1,2,,,1,,,,,1,,,1,,3,2,,,,,,,,-1,,13,6,5,18,-4,,,,,,-6,20,,,,,,,187,8
,,,,,,,308.78,,,926.34,154.39,926.34,308.78,308.78,154.39,,,463.17,771.95,617.56,,,463.17,,"1,389.51",,154.39,154.39,"2,470.24",,,"1,852.68","1,235.12",463.17,,154.39,617.56,154.39,,154.39,154.39,154.39,,308.78,,617.56,,,,308.78,,308.78,,308.78,154.39,308.78,154.39,926.34,,308.78,154.39,,,771.95,,,154.39,,,,308.78,,154.39,308.78,,,154.39,,,,,154.39,,,154.39,,463.17,308.78,,,,,,,,-154.39,,"2,161.46","1,080.73",771.95,"2,779.02",-617.56,,,,,,-926.34,"3,705.36",,,,,,,"30,106.05",
,سانسو ومن 28 قرص,50111,,,,,,,,,,11,3,5,3,,4,,,1,,,1,,1,,,5,,,,,1,1,7,1,2,1,,,,,,,,,2,,,1,,,2,,1,,,5,1,2,,,,13,,,,,2,,1,,,,,,,,,,,,,,,,,,,0,,1,,,2,,,13,5,3,12,3,,,,,,,,,,,,,,116,5
,,,,,,,,,,,,"1,852.62",505.26,842.10,505.26,,673.68,,,168.42,,,168.42,,168.42,,,842.10,,,,,168.42,168.42,"1,178.94",168.42,336.84,168.42,,,,,,,,,336.84,,,168.42,,,336.84,,168.42,,,"1,010.52",168.42,336.84,,,,"2,526.30",,,,,336.84,,168.42,,,,,,,,,,,,,,,,,,,0.00,,168.42,,,336.84,,,"2,526.30",842.10,505.26,"2,021.04",505.26,,,,,,,,,,,,,,"20,378.82",
,سانسوفيت بلس 100 مل شراب برتقال حديد,31542,,10,120,10,,,,19,28,75,40,80,29,16,33,54,10,43,26,19,11,26,30,13,7,49,34,9,18,15,144,31,23,28,27,411,10,44,8,2,30,28,30,5,4,3,2,10,6,5,33,11,3,10,6,7,3,2,17,8,7,23,13,20,6,21,9,50,4,9,105,23,6,16,33,5,4,16,8,,2,26,16,22,6,32,10,36,9,23,5,30,9,9,20,17,76,31,27,55,,,,,,,,,,,500,,,"3,114",496
,,,,800.00,"10,000.05",666.67,,,,"1,266.67","1,866.68","5,000.03","2,666.68","5,333.36","1,933.34","1,066.67","2,200.01","3,600.02",666.67,"3,000.02","1,733.34","1,266.67",733.34,"1,733.34","2,000.01",866.67,466.67,"3,266.68","2,266.68",600.00,"1,200.01","1,000.01","9,600.05","3,533.35","1,933.34","1,866.68","1,800.01","37,600.19",666.67,"2,933.35",533.34,133.33,"2,000.01","1,866.68","2,000.01",333.34,266.67,200.00,133.33,666.67,400.00,333.34,"2,333.35",733.34,200.00,666.67,400.00,466.67,200.00,133.33,"1,133.34",533.34,466.67,"1,533.34",866.67,"1,333.34",400.00,"1,400.01",600.00,"3,733.35",266.67,600.00,"10,733.39","1,533.34",400.00,"1,066.67","2,200.01",333.34,266.67,"1,066.67",533.34,,133.33,"1,733.34","1,066.67","1,466.67",400.00,"2,133.34",666.67,"2,400.01",600.00,"1,533.34",333.34,"2,000.01",600.00,600.00,"1,333.34","1,133.34","5,200.03","2,066.68","1,800.01","3,666.69",,,,,,,,,,,"47,666.91",,,"240,667.87",
,سانسوفيت بلس 160 مل شراب برتقال,31543,7,,20,,,,,19,6,15,21,19,15,4,26,25,12,8,10,5,15,6,12,3,10,16,14,4,13,13,14,9,17,13,30,57,10,17,4,2,7,8,14,4,3,1,1,3,4,14,41,1,,3,1,1,,,6,1,,7,,1,1,3,2,2,8,6,100,6,3,1,7,1,1,2,2,,1,7,1,8,1,9,6,6,5,2,,2,1,1,7,119,54,44,56,67,"3,000",,,,600,,,,,,,,,"4,754",124
,,,614.03,,"2,456.13",,,,,"1,666.66",526.31,"1,315.79","1,842.10","1,666.66","1,315.79",350.88,"2,280.69","2,192.98","1,052.63",701.75,877.19,438.60,"1,315.79",526.31,"1,052.63",263.16,877.19,"1,403.50","1,228.07",350.88,"1,140.35","1,140.35","1,228.07",789.47,"1,491.22","1,140.35","2,631.57","5,438.58",877.19,"1,491.22",350.88,175.44,614.03,701.75,"1,228.07",350.88,263.16,87.72,87.72,263.16,350.88,"1,228.07","4,035.07",87.72,,263.16,87.72,87.72,,,526.31,87.72,,614.03,,87.72,87.72,263.16,175.44,175.44,701.75,526.31,"14,912.23",526.31,263.16,87.72,614.03,87.72,87.72,175.44,175.44,,87.72,614.03,87.72,701.75,87.72,789.47,526.31,526.31,438.60,175.44,,175.44,87.72,87.72,614.03,"12,192.94","5,438.58","4,561.39","4,912.26","5,877.17","263,157.00",,,,"52,631.40",,,,,,,,,"427,893.28",
,سانسوفيت بلس 320 مل شراب برتقال,33661,,,,,,,,1,1,6,1,3,,4,1,11,2,,6,,7,,,,,6,,2,,3,,,,,100,1,5,2,,0,4,4,0,1,1,0,,14,,-1,,,,,,1,,,,,,4,,0,,,1,,,1,,,,,,1,2,2,,,,,,,1,,,2,,,,,,,,,1,48,23,3,,,,,,,,,,,,,,275,3
,,,,,,,,,,147.37,147.37,884.21,147.37,442.10,,589.47,147.37,"2,063.15",294.74,,884.21,,"1,031.58",,,,,884.21,,294.74,,442.10,,,,,"14,736.80",147.37,736.84,294.74,,0.00,589.47,589.47,0.00,147.37,147.37,0.00,,"2,063.15",,-147.37,,,,,,147.37,,,,,,589.47,,0.00,,,147.37,,,147.37,,,,,,147.37,294.74,294.74,,,,,,,147.37,,,294.74,,,,,,,,,147.37,"7,073.66","3,389.46",442.10,,,,,,,,,,,,,,"40,968.30",
,سانسوفيت كالسيوم 100 مل شراب برتقال,34148,,0,,,5,,,3,4,11,2,22,2,2,9,2,7,15,,2,4,5,5,,,8,,,3,7,27,13,5,15,13,19,8,8,0,,8,,2,3,,1,,1,3,1,1,4,,,,1,4,,8,,,6,7,7,,1,5,16,,2,4,2,2,7,4,,1,3,1,,1,,,4,1,10,3,,2,3,3,4,5,3,2,7,13,26,3,,,,,,,,,,,,,,,421,9
,,,,0.00,,,333.34,,,200.00,266.67,733.34,133.33,"1,466.67",133.33,133.33,600.00,133.33,466.67,"1,000.01",,133.33,266.67,333.34,333.34,,,533.34,,,200.00,466.67,"1,800.01","1,000.01",333.34,"1,000.01",866.67,"1,266.67",533.34,533.34,0.00,,533.34,,133.33,200.00,,66.67,,66.67,200.00,66.67,66.67,266.67,,,,66.67,266.67,,533.34,,,400.00,466.67,466.67,,66.67,333.34,"1,200.01",,133.33,266.67,133.33,133.33,466.67,266.67,,66.67,200.00,66.67,,66.67,,,266.67,66.67,666.67,200.00,,133.33,200.00,200.00,266.67,333.34,200.00,133.33,466.67,"1,000.01","1,933.34",200.00,,,,,,,,,,,,,,,"28,666.81",
,سانسوفيت كالسيوم 160 مل شراب برتقال,34149,,3,,,,,,6,3,3,2,3,6,3,6,12,6,5,,2,8,1,,,1,6,0,2,2,,1,-28,,8,,25,1,3,,,,,,1,,,,2,,1,,1,,1,,,2,,2,,,4,,3,1,1,,3,,1,,,1,,,,,,1,,,,,,,,2,1,11,,1,,2,,5,5,30,1,3,8,,,,,,,,,,,,,,184,25
,,,,263.16,,,,,,526.31,263.16,263.16,175.44,263.16,526.31,263.16,526.31,"1,228.07",526.31,438.60,,175.44,701.75,87.72,,,87.72,526.31,0.00,175.44,175.44,,87.72,"-2,017.54",,701.75,,"2,719.29",87.72,263.16,,,,,,87.72,,,,175.44,,87.72,,87.72,,87.72,,,175.44,,175.44,,,350.88,,263.16,87.72,87.72,,263.16,,87.72,,,87.72,,,,,,87.72,,,,,,,,175.44,87.72,"1,228.07",,87.72,,175.44,,438.60,438.60,"3,421.04",87.72,263.16,701.75,,,,,,,,,,,,,,"18,333.27",
,فاكتو 8 لبوسة,6425,,,10,,,,,189,8,31,12,29,26,12,29,-22,-2,-1,-8,4,-20,79,10,14,3,48,91,-10,32,,,83,-10,,,,,,24,33,33,34,24,15,3,1,,,,,,28,0,,4,-11,2,,-25,4,,55,70,24,17,107,15,44,9,38,8,37,-9,0,18,30,6,13,43,1,16,4,5,,,,,,,,,,,,,55,124,48,17,5,,,,,,,,,,,,,,"1,606",0
,,,,,510.00,,,,,"9,639.00",408.00,"1,581.00",612.00,"1,479.00","1,326.00",612.00,"1,479.00","-1,122.00",-102.00,-51.00,-408.00,204.00,"-1,020.00","4,029.00",510.00,714.00,153.00,"2,448.00","4,641.00",-510.00,"1,632.00",,,"4,233.00",-510.00,,,,,,"1,224.00","1,683.00","1,683.00","1,734.00","1,224.00",765.00,153.00,51.00,,,,,,"1,428.00",0.00,,204.00,-561.00,102.00,,"-1,275.00",204.00,,"2,805.00","3,570.00","1,224.00",867.00,"5,457.00",765.00,"2,244.00",459.00,"1,938.00",408.00,"1,887.00",-459.00,0.00,918.00,"1,530.00",306.00,663.00,"2,193.00",51.00,816.00,204.00,255.00,,,,,,,,,,,,,"2,805.00","6,324.00","2,448.00",867.00,255.00,,,,,,,,,,,,,,"81,906.00",
,فرى نوز شفاط للانف,13722,,,,,,,,1,,,,,,,,,,,,,,3,,,,,,,,1,,,,,,,,,,,,,,,,,,,,,,,,,,,,,,,,,,,,,,,,,,,,,,,,1,,,,,,,,,,,2,,,,,,,,,,2,,,,,,,,,,,,,,,10,0
,,,,,,,,,,192.98,,,,,,,,,,,,,,578.94,,,,,,,,192.98,,,,,,,,,,,,,,,,,,,,,,,,,,,,,,,,,,,,,,,,,,,,,,,,192.98,,,,,,,,,,,385.96,,,,,,,,,,385.96,,,,,,,,,,,,,,,"1,929.80",
,فوليتراكتين 500 مجم 7 قرص,36009,,,,,,,,9,10,18,,,,,2,1,,,2,3,,5,,,2,9,1,74,,10,,,3,,,,-5,,,1,3,3,,4,,,,,,,,,,,,,,,,,,1,,2,1,4,3,3,2,11,,1,14,16,6,,1,14,2,,,2,1,2,,,51,1,,,,,1,,,30,9,16,24,,,,,,,,,,,,,,,373,59
,,,,,,,,,,661.50,735.00,"1,323.00",,,,,147.00,73.50,,,147.00,220.50,,367.50,,,147.00,661.50,73.50,"7,276.50",,735.00,,,220.50,,,,0.00,,,73.50,220.50,220.50,,294.00,,,,,,,,,,,,,,,,,,73.50,,147.00,73.50,294.00,220.50,220.50,147.00,808.50,,73.50,"1,029.00","1,176.00",441.00,,73.50,"1,029.00",147.00,,,147.00,73.50,147.00,,,"5,586.00",73.50,,,,,73.50,,,"2,425.50",735.00,"1,176.00","1,764.00",,,,,,,,,,,,,,,"31,752.00",
,مستر بيير اوميجا 400 مل,38690,,,,31,,,,1,,2,2,2,6,1,10,1,13,4,7,0,1,,3,,,7,44,1,2,2,3,18,1,,1,3,4,2,,,1,22,,,,,9,,1,1,2,2,,2,1,1,1,1,4,3,0,,,1,,,,,,,1,2,1,1,1,1,,1,1,1,,6,2,,6,,3,3,,10,,,,,,4,6,1,11,4,,,,,,,,,,,,,,290,10
,,,,,,"34,385.96",,,,982.46,,"1,964.91","1,964.91","1,964.91","5,894.74",982.46,"9,824.56",982.46,"12,771.93","3,929.82","6,877.19",0.00,982.46,,"2,947.37",,,"6,877.19","43,228.06",982.46,"1,964.91","1,964.91","2,947.37","19,649.12",982.46,,982.46,"2,947.37","3,929.82","1,964.91",,,982.46,"21,614.03",,,,,"8,842.10",,982.46,982.46,"1,964.91","1,964.91",,"1,964.91",982.46,982.46,982.46,982.46,"3,929.82","2,947.37",0.00,,,982.46,,,,,,,982.46,"1,964.91",982.46,982.46,982.46,982.46,,982.46,982.46,982.46,,"5,894.74","1,964.91",,"6,877.19",,"2,947.37","2,947.37",,"9,824.56",,,,,,"3,929.82","5,894.74",982.46,"13,754.38","3,929.82",,,,,,,,,,,,,,"294,736.80",
,مستر بيير بلس شراب برتقال 160 مل,28497,,1,,,,,,4,3,12,3,1,18,86,1,7,4,25,10,3,3,3,1,-1,3,581,,3,5,22,40,16,,8,4,31,6,5,,5,4,7,8,2,,,4,1,1,,18,3,,3,16,2,3,1,,,1,4,,,,2,4,14,2,1,1,121,1,3,4,,,3,,,,4,,1,2,2,,1,,502,,7,,3,45,63,8,610,10,15,600,,100,,100,,50,,,100,,,,"3,370",164
,,,,101.75,,,,,,407.02,305.26,"1,221.05",305.26,915.79,"1,831.57","8,750.84",101.75,712.28,407.02,"3,052.62","1,017.54",305.26,305.26,305.26,101.75,-101.75,305.26,"67,462.90",,305.26,508.77,"2,543.85","4,070.16","1,628.06",,814.03,407.02,"3,154.37",610.52,508.77,,508.77,407.02,712.28,814.03,203.51,,,407.02,101.75,101.75,,"2,136.83",305.26,,305.26,"1,831.57",203.51,305.26,101.75,,,101.75,407.02,,,,203.51,407.02,"1,424.56",203.51,101.75,101.75,"12,312.23",101.75,305.26,407.02,,,305.26,,,,407.02,,101.75,203.51,203.51,,101.75,,"51,080.51",,712.28,,305.26,"5,392.96","7,224.53",814.03,"62,069.94","1,017.54","1,526.31","61,052.40",,"14,754.33",,"10,175.40",,"5,087.70",,,"10,175.40",,,,"359,598.64",
,مستر بيير شراب مانجو 160 مل,27616,,,,5,,,,1,6,9,1,8,14,79,4,,6,3,2,,4,,,,2,74,,9,1,4,76,10,1,2,8,20,3,5,4,2,8,3,5,7,2,,,1,4,,4,8,1,1,13,,2,,4,2,2,3,,,,1,2,5,,,,,3,,1,,,,4,,2,5,,2,1,3,1,3,1,509,,3,0,5,9,6,12,,8,8,400,,,,100,,40,,,73,,,,"1,640",2
,,,,,,508.77,,,,101.75,610.52,915.79,101.75,814.03,"1,424.56","8,038.57",407.02,,610.52,305.26,203.51,,407.02,,,,203.51,"7,529.80",,915.79,101.75,407.02,"7,733.30","1,017.54",101.75,203.51,814.03,"2,035.08",305.26,508.77,407.02,203.51,814.03,305.26,508.77,712.28,203.51,,,101.75,407.02,,407.02,814.03,101.75,101.75,"1,526.31",,203.51,,407.02,203.51,203.51,305.26,,,,101.75,203.51,508.77,,,,,305.26,,101.75,,,,407.02,,203.51,508.77,,203.51,101.75,305.26,101.75,305.26,101.75,"51,792.79",,305.26,0.00,508.77,915.79,610.52,"1,221.05",,814.03,814.03,"40,701.60",,,,"10,175.40",,"4,070.16",,,"7,428.04",,,,"167,080.07",
,مستر بيير فروتا جوس 400 مل مانجو,19747,,,,,,,,,1,1,,,,1,,1,,,1,,,1,,,,,,,,,5,,,,50,5,,,,,,,2,,,,,1,,1,,1,,,1,,,,,,,,,,,,,,,,,,,,,,,,,,,,,,,,,,,,,,,,,,19,,1,5,,,,,,,,,,,,,,97,20
,,,,,,,,,,,168.42,168.42,,,,168.42,,168.42,,,168.42,,,168.42,,,,,,,,,842.11,,,,"11,789.47",842.11,,,,,,,336.84,,,,,168.42,,168.42,,168.42,,,168.42,,,,,,,,,,,,,,,,,,,,,,,,,,,,,,,,,,,,,,,,,,"3,200.00",,168.42,842.11,,,,,,,,,,,,,,"19,705.26",
,Total Units,,"9,816","9,054","13,323","21,129","6,179","3,035",934,"1,045",582,"1,124",718,"2,029",828,"1,332",960,"1,622",745,"1,190",593,812,"1,263",695,845,"2,547","1,290","3,750","1,853",683,"2,214","3,247","1,928",981,856,455,920,"1,714",955,"1,118",321,159,790,824,604,534,178,98,189,223,210,407,535,535,153,571,298,205,218,149,557,146,188,917,515,"1,205",358,345,289,631,648,641,342,392,348,441,570,958,835,291,288,158,124,389,271,330,311,376,362,307,245,"2,423",156,245,553,280,308,"7,088","2,495","11,113","29,891","1,787","5,000","1,460","5,539","8,530","2,420","5,904","5,380","2,825",0,"2,973","1,300","20,901","1,632","245,546","24,927"
,Total Values,,"612,318.70","619,524.45","832,289.14","1,453,611.98","392,916.72","508,056.00","86,964.93","93,846.50","50,654.63","99,297.31","86,646.48","158,829.07","88,968.31","129,281.40","131,690.40","187,596.01","108,394.70","123,637.67","59,590.48","84,843.23","147,387.06","58,555.77","81,659.95","232,637.34","122,860.83","314,920.77","198,178.31","64,070.95","280,984.95","329,859.15","172,946.74","113,644.88","79,265.27","48,548.31","98,831.16","153,894.76","84,696.69","96,118.81","29,144.72","12,965.11","80,181.25","100,349.25","51,826.14","46,182.13","17,640.50","11,255.95","25,877.94","26,705.29","22,868.95","39,712.15","40,962.75","49,893.85","15,043.41","61,892.96","32,983.45","22,689.56","27,790.13","15,794.18","65,732.24","16,327.29","19,857.62","80,985.44","45,109.22","114,395.16","36,541.58","25,035.52","28,984.99","58,487.87","57,606.67","68,593.81","39,916.46","37,673.83","29,161.28","39,017.24","45,056.49","85,191.74","61,305.82","26,318.68","26,637.37","17,283.95","11,218.12","42,438.20","28,394.06","35,771.88","32,004.52","42,520.22","36,246.02","34,583.28","21,173.81","187,231.80","12,914.10","19,296.24","37,604.34","24,028.89","28,034.87","860,785.95","254,883.55","1,043,196.64","3,567,391.71","174,473.38","462,248.50","124,822.04","494,853.20","850,308.60","187,256.40","531,604.66","475,760.39","274,770.53",0.00,"265,043.44","113,198.91","1,494,327.85","158,708.11","22,272,093.94",