Job ID,Job Title,Company,Location,Employment Type,Seniority Level,Department / Function,Industry,Remote Type,Salary Range (Monthly USD),Currency,Posted Date,Application Deadline,Job Description (Short),Key Requirements (Short),Experience Required (Years),Education,Job URL (if any)
JOB-0001,Senior Software Engineer,Kaya Digital Labs,"Cairo, Egypt",Full-time,Senior,Engineering,Software & Technology,Hybrid,2500 - 3500,USD,2025-01-05,2025-02-10,Lead a small squad to design and build scalable backend services using Django and PostgreSQL.,"5+ years experience, strong Python/Django, REST APIs, familiarity with cloud platforms.",5,BSc in Computer Science or related,https://example.com/jobs/JOB-0001
JOB-0002,Product Manager - Travel Experiences,Sand & Sky Tours,Remote - EMEA,Full-time,Mid-level,Product,Travel & Tourism,Remote,2000 - 2800,USD,2025-02-12,2025-03-01,"Own the end-to-end lifecycle of desert and city tour products, from research to launch.","3+ years in product management, strong UX instincts, data-driven decision making.",3,"BSc in Business, Tourism or similar",https://example.com/jobs/JOB-0002
JOB-0003,Sales Executive - Corporate Travel,Nile Horizons Travel,"Dubai, UAE",Full-time,Mid-level,Sales,Travel & Tourism,Onsite,1800 - 2600 + commission,USD,2025-01-20,2025-02-20,Develop and manage B2B relationships with corporate clients across the GCC region.,"2–4 years B2B sales, excellent communication, existing GCC network a plus.",2,BSc in Business or related field,https://example.com/jobs/JOB-0003
JOB-0004,Digital Marketing Specialist,Oasis Retreats,"Riyadh, Saudi Arabia",Full-time,Mid-level,Marketing,Hospitality,Hybrid,2200 - 3000,USD,2025-01-10,2025-02-05,"Plan and execute performance campaigns across Meta Ads, Google Ads and TikTok.","3+ years in performance marketing, strong analytics, Arabic & English fluency.",3,BSc in Marketing or related,https://example.com/jobs/JOB-0004
JOB-0005,Operations Coordinator - Day Tours,Desert Pathways,"Giza, Egypt",Full-time,Entry-level,Operations,Travel & Tourism,Onsite,700 - 900,USD,2025-01-28,2025-02-15,"Coordinate daily tour departures, bus schedules and communication with tour guides.","Excellent organization, attention to detail, strong spoken English.",1,Any relevant degree,https://example.com/jobs/JOB-0005
JOB-0006,Customer Support Representative,Atlas Booking Engine,Remote,Full-time,Entry-level,Customer Support,SaaS / Travel Tech,Remote,900 - 1200,USD,2025-02-01,2025-02-25,Handle chat and email inquiries from travel agents using our booking software.,"Fluent English, customer-centric mindset, previous support experience is a plus.",0,Not specified,https://example.com/jobs/JOB-0006
JOB-0007,Finance Manager,Red Sea Resorts Group,"Hurghada, Egypt",Full-time,Manager,Finance,Hospitality,Onsite,2800 - 3600,USD,2025-01-15,2025-02-20,"Oversee budgeting, forecasting and financial reporting for a portfolio of resorts.","7+ years in finance, hospitality experience, strong IFRS knowledge.",7,CPA / ACCA or equivalent preferred,https://example.com/jobs/JOB-0007
JOB-0008,Tour Guide - Historical Cairo,Old City Experiences,"Cairo, Egypt",Part-time,Entry-level,Guiding,Travel & Tourism,Onsite,600 - 800 + tips,USD,2025-01-05,2025-02-10,Deliver engaging walking tours across Islamic and Coptic Cairo districts.,"Fluent English, storytelling skills, tour guiding license is a plus.",0,Any,https://example.com/jobs/JOB-0008
JOB-0009,UX/UI Designer,Voyage Studio,"Lisbon, Portugal",Full-time,Mid-level,Design,Software & Technology,Hybrid,2300 - 3100,USD,2025-02-05,2025-03-05,Design intuitive booking flows and responsive dashboards for B2C users.,"Figma mastery, strong portfolio, experience with design systems.",3,Design-related degree preferred,https://example.com/jobs/JOB-0009
JOB-0010,Data Analyst - Revenue Optimization,Global AirConnect,"London, United Kingdom",Full-time,Mid-level,Data & Analytics,Aviation,Hybrid,3200 - 4200,USD,2025-01-30,2025-03-01,Analyze booking and pricing data to recommend fare and inventory changes.,"SQL, Python, BI tools, experience in airline or travel data preferred.",4,"BSc in Statistics, Economics or similar",https://example.com/jobs/JOB-0010
JOB-0011,Senior Finance Manager - FP&A,Michael Page,"Dubai, UAE",Full-time,Senior / Manager,Finance,Recruitment / Professional Services,Onsite,6000 - 8000,USD,2025-02-08,2025-03-15,Recruitment listing for a multinational client seeking a Senior Finance Manager to lead FP&A across MEA.,"8+ years FP&A, regional exposure, strong stakeholder management, Big 4 background preferred.",8,"Professional finance qualification (ACCA, CPA, CMA, etc.)",https://example.com/jobs/JOB-0011
JOB-00112,People & Culture Generalist,Horizon Clinics Group,"Doha, Qatar",Full-time,Mid-level,HR,Healthcare,Onsite,2600 - 3200,USD,2025-01-18,2025-02-28,"Manage recruitment, onboarding, engagement and HR operations for multi-clinic network.","3–5 years in HR, GCC experience, strong labor law knowledge.",3,BSc in HR or Business,https://example.com/jobs/JOB-00112
JOB-0013,Social Media Content Creator,Luxe Desert Escapes,Remote,Part-time,Entry-level,Marketing,Travel & Tourism,Remote,500 - 900,USD,2025-02-03,2025-02-25,"Create reels, stories and posts highlighting premium desert experiences.","Strong visual sense, basic video editing, social media trends awareness.",0,Not required,https://example.com/jobs/JOB-0013
JOB-0014,Office Manager,Crescent Legal Advisors,"Cairo, Egypt",Full-time,Mid-level,Administration,Legal Services,Onsite,900 - 1300,USD,2025-01-22,2025-02-20,"Manage office operations, vendor relationships and executive scheduling.","3+ years as office manager, strong English, multitasking skills.",3,Any relevant degree,https://example.com/jobs/JOB-0014
JOB-0015,QA Engineer - Web & API,Helio Systems,"Berlin, Germany",Full-time,Mid-level,Quality Assurance,Software & Technology,Hybrid,3500 - 4500,USD,2025-02-10,2025-03-20,Design and execute manual and automated tests for booking and payment flows.,"API testing, automation tools (e.g. Playwright, Cypress), attention to detail.",4,Technical degree preferred,https://example.com/jobs/JOB-0015
JOB-0016,Junior Data Entry Clerk,City Med Diagnostics,"Alexandria, Egypt",Full-time,Entry-level,Administration,Healthcare,Onsite,450 - 650,USD,2025-01-08,2025-02-05,"Input patient and billing data into clinic systems, ensuring high accuracy.","Fast typing, attention to detail, basic Excel skills.",0,High school or above,https://example.com/jobs/JOB-0016
JOB-0017,AI Solutions Consultant,Pocket AI Solutions,Remote - Europe,Full-time,Senior,Consulting / Pre-sales,Artificial Intelligence / SaaS,Remote,4000 - 6000,USD,2025-02-14,2025-03-31,Work with clients to design AI-powered support and sales assistants based on our platform.,"Strong communication, understanding of LLMs/RAG, pre-sales or consulting experience.",5,"BSc in CS, Engineering or similar",https://example.com/jobs/JOB-0017
JOB-0018,IT Support Specialist,Metro Logistics,"Jeddah, Saudi Arabia",Full-time,Mid-level,IT Support,Logistics & Supply Chain,Onsite,1800 - 2300,USD,2025-01-12,2025-02-18,"Support end users with hardware, software and network issues in warehouses and offices.","3+ years IT support, basic networking, strong troubleshooting skills.",3,IT diploma or degree,https://example.com/jobs/JOB-0018
JOB-0019,Business Analyst - CRM,Greenline Retail,"Amman, Jordan",Full-time,Mid-level,Business Analysis,Retail,Hybrid,2000 - 2600,USD,2025-02-06,2025-03-10,Analyze customer data and requirements to improve CRM processes and loyalty programs.,"Experience with CRM systems, requirements gathering, documentation skills.",3,Business or IT degree,https://example.com/jobs/JOB-0019
JOB-0020,Graphic Designer - Brand & Print,Palm Avenue Holding,"Cairo, Egypt",Full-time,Mid-level,Design,Real Estate / Hospitality,Hybrid,900 - 1400,USD,2025-01-25,2025-02-28,"Create branding assets, brochures and outdoor designs for premium properties.","Adobe Suite, strong portfolio, attention to typography and layout.",2,Design or related degree,https://example.com/jobs/JOB-0020